Date_Time,Rig_ID,Production_Volume_bbl_per_hour,Gas_Flaring_Rate_m3_per_hour,Maintenance_Status,Equipment_Health_Score,Market_Demand_Fluctuation,Weather_Conditions_Factor,Predicted_Emissions_tonnes
2023-01-01 00:00:00,RIG_6,3171.45,437.52,0,0.77,0.86,0.47,149996.62
2023-01-01 04:00:00,RIG_1,9513.55,374.7,0,0.6,0.84,0.59,841275.62
2023-01-01 08:00:00,RIG_2,5774.78,240.76,0,0.58,1.04,0.31,181021.75
2023-01-01 12:00:00,RIG_3,3615.76,82.14,0,0.69,0.8,0.75,69052.16
2023-01-01 16:00:00,RIG_3,2235.0,159.92,0,0.71,1.03,0.72,74629.55
2023-01-01 20:00:00,RIG_5,4618.09,242.91,0,0.78,0.85,0.09,22211.25
2023-01-02 00:00:00,RIG_10,9335.72,246.09,0,0.51,0.9,0.24,270177.45
2023-01-02 04:00:00,RIG_10,6499.64,394.2,1,0.51,0.91,0.63,790938.2
2023-01-02 08:00:00,RIG_8,7056.69,127.66,0,0.94,0.94,0.56,30268.8
2023-01-02 12:00:00,RIG_6,6971.1,406.31,1,0.63,0.9,0.37,387759.34
2023-01-02 16:00:00,RIG_4,8571.47,376.71,0,0.79,1.03,0.63,427191.2
2023-01-02 20:00:00,RIG_5,8334.59,467.11,0,0.81,0.92,0.24,177528.57
2023-01-03 00:00:00,RIG_9,7782.27,22.36,0,0.52,0.86,0.09,7517.3
2023-01-03 04:00:00,RIG_2,6064.28,306.26,0,0.75,1.01,0.25,116077.9
2023-01-03 08:00:00,RIG_2,5554.86,30.47,0,0.72,0.97,0.84,39809.15
2023-01-03 12:00:00,RIG_7,1932.95,415.24,1,0.87,0.96,0.86,89734.95
2023-01-03 16:00:00,RIG_7,6212.99,21.57,0,0.96,1.11,0.03,160.82
2023-01-03 20:00:00,RIG_10,3743.83,111.13,1,0.54,0.85,0.6,114830.3
2023-01-04 00:00:00,RIG_7,1208.99,191.48,0,0.95,0.96,0.87,10070.14
2023-01-04 04:00:00,RIG_3,3911.86,236.27,0,0.55,0.82,0.78,324413.56
2023-01-04 08:00:00,RIG_10,9687.45,403.19,1,0.7,1.06,0.86,1007717.81
2023-01-04 12:00:00,RIG_5,9476.89,214.66,0,0.84,0.99,0.95,309215.0
2023-01-04 16:00:00,RIG_1,2207.24,247.88,0,0.71,1.06,0.17,26973.54
2023-01-04 20:00:00,RIG_3,2679.27,96.51,0,0.75,1.18,0.22,14221.7
2023-01-05 00:00:00,RIG_1,6652.44,223.65,0,1.0,1.15,0.45,0.0
2023-01-05 04:00:00,RIG_8,7419.67,364.76,0,0.87,1.19,0.7,246282.29
2023-01-05 08:00:00,RIG_4,4786.98,51.06,0,0.75,0.93,0.01,611.06
2023-01-05 12:00:00,RIG_4,9679.31,233.67,0,0.84,0.99,0.35,126658.8
2023-01-05 16:00:00,RIG_8,3340.09,31.64,0,0.84,1.16,0.62,10483.5
2023-01-05 20:00:00,RIG_4,4963.36,121.83,0,0.9,1.03,0.7,42328.03
2023-01-06 00:00:00,RIG_8,5500.61,112.74,0,0.93,1.12,0.52,22573.05
2023-01-06 04:00:00,RIG_3,8644.32,233.58,0,0.59,0.87,0.49,405645.28
2023-01-06 08:00:00,RIG_10,5730.62,89.54,0,0.83,0.84,0.19,16573.77
2023-01-06 12:00:00,RIG_4,1783.0,412.08,0,0.59,1.09,0.53,159658.71
2023-01-06 16:00:00,RIG_9,2328.59,339.25,0,0.85,0.8,0.5,59248.06
2023-01-06 20:00:00,RIG_4,7237.73,99.97,0,0.58,0.94,0.73,221842.23
2023-01-07 00:00:00,RIG_3,3472.74,125.92,0,0.84,1.1,0.93,65068.37
2023-01-07 04:00:00,RIG_5,9779.89,363.85,0,0.94,1.09,0.35,74726.67
2023-01-07 08:00:00,RIG_7,9223.43,345.67,0,0.99,1.03,0.17,5420.05
2023-01-07 12:00:00,RIG_4,6866.81,254.93,0,0.62,0.94,0.4,266084.49
2023-01-07 16:00:00,RIG_2,3505.7,271.02,0,0.9,1.0,0.58,55106.66
2023-01-07 20:00:00,RIG_5,4427.24,292.67,0,0.56,0.86,0.76,433288.88
2023-01-08 00:00:00,RIG_9,6765.02,354.14,0,0.67,0.93,0.17,134402.37
2023-01-08 04:00:00,RIG_9,9586.01,93.82,0,0.94,1.08,0.27,14569.62
2023-01-08 08:00:00,RIG_7,3464.24,362.06,0,0.61,1.14,0.08,39133.0
2023-01-08 12:00:00,RIG_4,6364.74,194.56,0,0.78,0.81,0.3,81729.37
2023-01-08 16:00:00,RIG_1,4347.97,14.13,0,0.73,1.15,0.79,13104.47
2023-01-08 20:00:00,RIG_4,3000.71,313.15,0,0.87,0.96,0.18,21988.33
2023-01-09 00:00:00,RIG_3,1474.5,28.32,0,0.83,1.15,0.76,5395.11
2023-01-09 04:00:00,RIG_10,6818.72,147.72,0,0.55,0.93,0.72,326352.67
2023-01-09 08:00:00,RIG_1,7391.21,117.4,1,0.92,0.84,0.26,18048.74
2023-01-09 12:00:00,RIG_6,8419.87,107.44,0,0.97,1.02,0.67,18183.08
2023-01-09 16:00:00,RIG_3,2222.48,104.87,0,0.51,0.92,0.28,31977.41
2023-01-09 20:00:00,RIG_1,9090.32,437.79,0,0.8,0.92,0.76,604906.98
2023-01-10 00:00:00,RIG_1,7589.39,416.55,0,0.76,1.08,0.2,151745.3
2023-01-10 04:00:00,RIG_5,7348.24,342.43,0,0.89,1.13,0.01,2767.88
2023-01-10 08:00:00,RIG_7,5521.55,277.11,0,0.85,0.93,0.54,123936.21
2023-01-10 12:00:00,RIG_8,2303.96,140.58,0,0.85,1.05,0.74,35951.87
2023-01-10 16:00:00,RIG_5,2913.8,200.34,0,0.99,0.83,0.38,2218.25
2023-01-10 20:00:00,RIG_3,3316.96,133.16,0,0.93,0.97,0.11,3400.99
2023-01-11 00:00:00,RIG_2,9520.74,169.14,1,0.77,1.07,0.82,303709.74
2023-01-11 04:00:00,RIG_4,1295.18,138.21,0,0.64,0.99,0.74,47687.42
2023-01-11 08:00:00,RIG_9,8522.61,397.44,0,0.89,1.02,0.85,316705.64
2023-01-11 12:00:00,RIG_3,6166.19,169.88,0,0.53,0.82,0.3,147699.24
2023-01-11 16:00:00,RIG_8,2542.98,263.43,0,0.98,0.91,0.3,4019.38
2023-01-11 20:00:00,RIG_6,4683.13,69.77,0,0.55,1.1,0.32,47050.85
2023-01-12 00:00:00,RIG_10,7417.79,420.78,0,0.79,1.12,0.85,557144.5
2023-01-12 04:00:00,RIG_5,6306.63,101.81,0,0.63,1.19,0.56,133038.56
2023-01-12 08:00:00,RIG_4,9932.71,39.38,0,0.69,0.81,0.57,69116.23
2023-01-12 12:00:00,RIG_1,7471.74,298.18,0,0.51,1.08,0.16,174669.2
2023-01-12 16:00:00,RIG_1,8064.92,274.62,0,0.53,1.14,0.21,218599.61
2023-01-12 20:00:00,RIG_4,3973.47,176.14,0,0.86,0.92,0.65,63689.72
2023-01-13 00:00:00,RIG_6,3982.84,118.23,0,0.57,0.85,0.52,105291.27
2023-01-13 04:00:00,RIG_3,2054.91,18.43,0,0.57,0.9,0.86,14005.06
2023-01-13 08:00:00,RIG_1,7205.67,187.05,0,0.79,1.2,0.4,113216.93
2023-01-13 12:00:00,RIG_2,4585.31,388.14,0,0.86,0.95,0.93,231722.44
2023-01-13 16:00:00,RIG_10,2913.25,183.91,1,0.98,1.14,0.79,8465.26
2023-01-13 20:00:00,RIG_1,3071.8,406.48,0,0.52,0.93,0.89,533412.71
2023-01-14 00:00:00,RIG_8,4850.45,225.12,0,0.93,1.15,0.04,3057.41
2023-01-14 04:00:00,RIG_7,5214.07,5.89,0,0.76,0.85,0.01,73.71
2023-01-14 08:00:00,RIG_6,6073.71,460.19,0,0.81,1.2,0.04,21242.46
2023-01-14 12:00:00,RIG_4,6619.79,182.47,0,0.59,1.06,0.63,312003.95
2023-01-14 16:00:00,RIG_9,2521.28,399.97,0,0.91,1.06,0.74,67161.86
2023-01-14 20:00:00,RIG_2,9456.88,285.06,0,0.87,0.91,0.86,301388.0
2023-01-15 00:00:00,RIG_6,5209.36,205.07,1,0.77,0.99,0.71,174450.69
2023-01-15 04:00:00,RIG_9,3882.01,243.72,0,0.64,1.17,0.88,299731.92
2023-01-15 08:00:00,RIG_9,8963.05,126.02,0,0.98,1.13,0.82,18524.19
2023-01-15 12:00:00,RIG_8,6395.4,349.69,0,0.88,1.05,0.68,182490.85
2023-01-15 16:00:00,RIG_10,7735.57,476.96,0,0.71,0.85,0.89,952274.78
2023-01-15 20:00:00,RIG_1,6096.36,234.57,0,0.57,0.98,0.08,49192.8
2023-01-16 00:00:00,RIG_7,1451.23,306.92,0,0.68,0.9,0.78,111174.71
2023-01-16 04:00:00,RIG_7,3954.63,116.04,0,0.65,0.98,0.04,6424.53
2023-01-16 08:00:00,RIG_10,9350.95,458.68,0,0.54,1.01,0.32,631354.6
2023-01-16 12:00:00,RIG_2,5478.68,128.04,0,0.81,0.82,0.95,126618.98
2023-01-16 16:00:00,RIG_5,1008.91,274.63,0,0.74,0.89,0.46,33138.4
2023-01-16 20:00:00,RIG_2,4624.85,269.81,0,0.83,0.96,0.73,154855.8
2023-01-17 00:00:00,RIG_1,6237.35,377.86,0,0.98,1.03,0.17,8013.27
2023-01-17 04:00:00,RIG_4,5574.68,76.12,1,0.67,0.8,0.42,58814.17
2023-01-17 08:00:00,RIG_8,5320.47,164.03,0,0.84,0.88,0.25,34908.67
2023-01-17 12:00:00,RIG_5,7310.81,355.43,0,0.95,1.01,0.97,126026.34
2023-01-17 16:00:00,RIG_9,3458.18,11.94,0,0.68,0.92,0.27,3567.51
2023-01-17 20:00:00,RIG_3,2666.51,388.41,0,0.69,0.84,0.0,0.0
2023-01-18 00:00:00,RIG_7,2572.92,31.32,0,0.73,0.97,0.71,15447.92
2023-01-18 04:00:00,RIG_4,9670.8,198.75,0,0.95,0.91,0.81,77843.9
2023-01-18 08:00:00,RIG_10,8144.79,2.62,1,0.72,0.89,0.89,5317.77
2023-01-18 12:00:00,RIG_3,6391.2,289.97,1,0.89,0.92,0.29,59118.87
2023-01-18 16:00:00,RIG_3,9561.28,223.81,0,0.83,1.2,0.97,352871.17
2023-01-18 20:00:00,RIG_1,6620.68,397.59,0,0.65,1.02,0.8,737048.53
2023-01-19 00:00:00,RIG_3,3004.84,455.18,0,0.75,1.17,0.89,304322.83
2023-01-19 04:00:00,RIG_5,5627.11,190.15,0,0.92,0.81,0.34,29103.86
2023-01-19 08:00:00,RIG_6,6430.02,406.8,0,0.94,1.05,0.74,116138.51
2023-01-19 12:00:00,RIG_8,4599.57,270.06,0,1.0,0.95,0.02,0.0
2023-01-19 16:00:00,RIG_9,2701.2,334.1,0,0.6,0.83,0.99,357378.48
2023-01-19 20:00:00,RIG_2,8309.57,347.89,0,0.71,1.14,0.9,754503.06
2023-01-20 00:00:00,RIG_10,7342.24,278.86,0,0.71,0.93,0.12,71251.51
2023-01-20 04:00:00,RIG_10,1989.89,247.95,0,0.67,0.83,0.26,42333.14
2023-01-20 08:00:00,RIG_2,8702.09,288.85,0,0.85,1.19,0.25,94259.95
2023-01-20 12:00:00,RIG_6,7267.22,180.23,0,0.6,1.14,0.77,403409.49
2023-01-20 16:00:00,RIG_2,5862.15,457.4,0,0.53,1.14,0.25,315058.32
2023-01-20 20:00:00,RIG_2,9930.39,69.42,0,0.76,0.84,0.62,102577.91
2023-01-21 00:00:00,RIG_2,3738.54,280.63,0,0.65,0.85,0.87,319465.1
2023-01-21 04:00:00,RIG_5,7442.89,301.39,0,0.6,0.96,0.28,251239.81
2023-01-21 08:00:00,RIG_2,4811.1,337.67,0,0.58,1.09,0.25,170579.23
2023-01-21 12:00:00,RIG_5,8509.93,376.71,0,0.83,0.93,0.68,370587.67
2023-01-21 16:00:00,RIG_2,2569.66,280.23,0,0.61,0.97,0.18,50550.73
2023-01-21 20:00:00,RIG_3,2150.61,72.97,0,0.67,0.99,0.24,12428.86
2023-01-22 00:00:00,RIG_3,1266.38,196.14,0,0.8,0.87,0.57,28316.21
2023-01-22 04:00:00,RIG_2,1370.58,349.7,0,0.55,0.92,0.46,99213.41
2023-01-22 08:00:00,RIG_7,1576.39,263.97,0,0.91,1.2,0.85,31833.15
2023-01-22 12:00:00,RIG_10,3759.91,131.13,1,0.95,1.12,0.84,20707.55
2023-01-22 16:00:00,RIG_4,5469.19,456.59,1,0.79,1.01,0.16,83905.16
2023-01-22 20:00:00,RIG_2,8899.34,368.31,0,0.97,1.13,0.84,82598.44
2023-01-23 00:00:00,RIG_7,8893.65,354.84,0,0.87,0.96,0.49,201025.91
2023-01-23 04:00:00,RIG_1,6770.2,111.9,0,0.56,1.02,0.19,63334.14
2023-01-23 08:00:00,RIG_8,4610.58,370.12,0,0.8,0.94,0.99,337880.64
2023-01-23 12:00:00,RIG_3,3816.0,200.58,0,0.93,1.11,0.6,32147.36
2023-01-23 16:00:00,RIG_1,8142.85,413.33,0,0.75,1.06,0.28,235597.89
2023-01-23 20:00:00,RIG_2,1641.1,207.26,0,0.68,1.05,0.42,45714.06
2023-01-24 00:00:00,RIG_6,5938.4,197.54,0,0.62,1.13,0.01,4457.67
2023-01-24 04:00:00,RIG_3,8769.65,224.81,0,0.85,1.18,0.09,26615.32
2023-01-24 08:00:00,RIG_6,4167.86,455.25,0,0.54,1.11,0.93,811715.53
2023-01-24 12:00:00,RIG_6,7325.11,332.0,0,0.91,0.81,0.48,105059.66
2023-01-24 16:00:00,RIG_10,7170.78,126.72,0,0.82,1.03,0.96,157020.12
2023-01-24 20:00:00,RIG_6,3843.95,176.36,0,0.85,1.17,0.62,63046.47
2023-01-25 00:00:00,RIG_4,6722.57,272.32,1,0.9,0.91,0.81,148285.91
2023-01-25 04:00:00,RIG_9,2890.13,210.17,0,0.93,1.07,0.14,5952.7
2023-01-25 08:00:00,RIG_10,6573.43,85.28,0,0.82,1.17,0.55,55497.63
2023-01-25 12:00:00,RIG_5,4785.77,319.88,0,0.86,1.16,0.04,8572.88
2023-01-25 16:00:00,RIG_4,3745.37,347.92,0,0.92,0.99,0.57,59420.86
2023-01-25 20:00:00,RIG_7,6519.39,112.9,0,0.58,1.0,0.76,234943.69
2023-01-26 00:00:00,RIG_10,4737.15,98.46,0,0.86,0.98,0.66,43097.19
2023-01-26 04:00:00,RIG_7,1479.13,244.94,0,0.54,1.2,0.88,146658.27
2023-01-26 08:00:00,RIG_6,8782.41,114.31,0,0.78,1.03,0.63,139142.94
2023-01-26 12:00:00,RIG_6,3740.18,194.8,0,0.55,1.14,0.17,55736.91
2023-01-26 16:00:00,RIG_9,7643.84,203.6,0,0.88,0.83,0.45,84039.43
2023-01-26 20:00:00,RIG_10,8906.61,155.38,0,0.57,1.12,0.38,226130.74
2023-01-27 00:00:00,RIG_9,2690.54,96.92,0,0.64,0.94,0.77,72284.65
2023-01-27 04:00:00,RIG_8,1698.96,55.72,1,0.92,1.03,0.93,7043.15
2023-01-27 08:00:00,RIG_2,4793.44,312.17,0,0.75,1.07,0.68,254382.59
2023-01-27 12:00:00,RIG_5,7124.84,43.93,0,0.95,0.8,0.66,10328.81
2023-01-27 16:00:00,RIG_4,8707.36,5.79,0,0.52,0.93,0.26,6291.87
2023-01-27 20:00:00,RIG_6,2143.23,288.67,0,0.6,1.13,0.26,64343.37
2023-01-28 00:00:00,RIG_9,7880.68,15.1,0,0.54,0.82,0.1,5473.92
2023-01-28 04:00:00,RIG_5,3476.14,206.58,0,0.79,1.19,0.99,149293.2
2023-01-28 08:00:00,RIG_9,2004.61,269.87,0,0.84,1.14,0.02,1731.15
2023-01-28 12:00:00,RIG_9,2374.54,67.21,0,0.73,0.96,0.48,20683.23
2023-01-28 16:00:00,RIG_5,4796.18,45.76,0,0.64,0.93,0.48,37924.97
2023-01-28 20:00:00,RIG_9,6594.5,454.84,0,0.78,0.82,0.78,514704.31
2023-01-29 00:00:00,RIG_2,5657.34,389.7,0,0.7,1.15,0.62,410067.76
2023-01-29 04:00:00,RIG_10,4407.35,40.17,0,0.61,0.91,0.43,29690.15
2023-01-29 08:00:00,RIG_6,1327.36,106.97,0,0.96,0.87,0.61,3464.5
2023-01-29 12:00:00,RIG_3,1990.69,69.34,0,0.71,0.91,0.85,34025.49
2023-01-29 16:00:00,RIG_6,5475.16,154.21,0,0.87,0.96,0.83,91102.61
2023-01-29 20:00:00,RIG_4,5152.25,77.97,0,0.62,1.2,0.85,129755.86
2023-01-30 00:00:00,RIG_2,1199.0,464.79,0,0.73,1.09,0.48,72223.9
2023-01-30 04:00:00,RIG_4,9486.91,121.28,0,0.59,0.97,0.61,287758.17
2023-01-30 08:00:00,RIG_9,5570.16,261.74,0,0.82,1.01,0.91,238809.54
2023-01-30 12:00:00,RIG_3,8133.23,424.85,1,0.9,0.93,0.54,186591.75
2023-01-30 16:00:00,RIG_5,4771.54,390.47,0,0.63,1.03,0.51,351575.13
2023-01-30 20:00:00,RIG_2,8841.18,263.76,0,0.65,1.15,0.7,571327.66
2023-01-31 00:00:00,RIG_10,6619.01,112.69,1,0.63,0.95,0.75,206986.21
2023-01-31 04:00:00,RIG_6,4626.22,50.63,0,0.74,0.87,0.46,28013.37
2023-01-31 08:00:00,RIG_4,5892.16,239.5,0,0.55,0.86,0.46,292112.67
2023-01-31 12:00:00,RIG_1,2023.18,307.35,0,0.59,0.85,0.47,119825.56
2023-01-31 16:00:00,RIG_1,8329.02,30.02,1,0.64,1.11,0.57,51307.63
2023-01-31 20:00:00,RIG_10,1491.99,275.04,0,0.82,1.03,0.47,34716.2
2023-02-01 00:00:00,RIG_8,3808.8,16.57,1,0.62,0.84,0.91,21824.07
2023-02-01 04:00:00,RIG_10,4454.13,481.91,0,0.71,1.17,0.58,361039.58
2023-02-01 08:00:00,RIG_10,5377.49,372.25,0,0.59,0.82,0.06,49243.56
2023-02-01 12:00:00,RIG_10,5336.4,199.18,0,0.87,1.18,0.85,117450.91
2023-02-01 16:00:00,RIG_2,9384.11,353.59,0,0.79,0.96,0.09,62712.61
2023-02-01 20:00:00,RIG_5,6246.17,66.81,0,0.52,1.19,0.1,20030.72
2023-02-02 00:00:00,RIG_10,2891.5,278.69,0,0.72,1.13,0.92,207582.36
2023-02-02 04:00:00,RIG_10,7040.74,298.98,0,0.87,1.07,0.52,142300.73
2023-02-02 08:00:00,RIG_4,3214.03,354.21,0,0.94,1.15,0.94,64208.1
2023-02-02 12:00:00,RIG_10,9637.33,158.66,1,0.69,1.07,0.68,322325.59
2023-02-02 16:00:00,RIG_1,4910.24,35.6,0,0.58,0.95,0.94,69012.83
2023-02-02 20:00:00,RIG_1,7744.76,77.98,0,0.8,0.84,0.54,65225.13
2023-02-03 00:00:00,RIG_1,3192.86,253.4,0,0.85,1.04,0.32,38835.39
2023-02-03 04:00:00,RIG_8,6413.44,34.49,0,0.94,1.14,0.06,796.32
2023-02-03 08:00:00,RIG_7,8850.07,153.63,0,0.51,1.0,0.87,579612.94
2023-02-03 12:00:00,RIG_10,9866.23,478.54,0,0.83,0.98,0.68,545792.19
2023-02-03 16:00:00,RIG_2,3567.61,491.63,0,0.58,0.9,0.43,316762.31
2023-02-03 20:00:00,RIG_1,2073.88,140.55,0,0.51,1.1,0.97,138542.27
2023-02-04 00:00:00,RIG_8,5434.13,195.9,0,0.69,1.06,0.6,198005.57
2023-02-04 04:00:00,RIG_9,8673.61,0.55,0,0.78,0.96,0.38,398.81
2023-02-04 08:00:00,RIG_5,9950.35,213.61,0,0.82,1.2,0.44,168339.15
2023-02-04 12:00:00,RIG_1,2050.11,311.76,0,0.79,1.12,0.02,2684.4
2023-02-04 16:00:00,RIG_10,3678.26,329.0,0,0.65,1.18,0.32,135536.52
2023-02-04 20:00:00,RIG_6,9349.1,490.7,0,0.94,0.88,0.33,90834.55
2023-02-05 00:00:00,RIG_6,8971.98,77.13,0,0.6,0.82,0.89,246355.14
2023-02-05 04:00:00,RIG_1,4858.52,131.19,0,0.52,0.93,0.87,266173.75
2023-02-05 08:00:00,RIG_1,1862.92,28.34,1,0.85,1.06,0.64,5068.33
2023-02-05 12:00:00,RIG_6,5197.51,449.3,0,0.81,0.83,0.89,394889.29
2023-02-05 16:00:00,RIG_6,1599.11,330.17,1,0.9,1.13,0.15,7919.67
2023-02-05 20:00:00,RIG_8,9367.53,465.61,1,0.79,1.19,0.01,9159.39
2023-02-06 00:00:00,RIG_6,9684.45,382.98,0,0.67,0.99,0.52,636455.93
2023-02-06 04:00:00,RIG_4,8734.12,436.88,0,0.66,0.85,0.87,1128702.5
2023-02-06 08:00:00,RIG_10,7298.96,396.05,0,0.71,0.89,0.77,645505.17
2023-02-06 12:00:00,RIG_9,7065.13,328.88,0,0.71,0.82,0.59,397564.53
2023-02-06 16:00:00,RIG_9,8263.58,438.57,0,0.8,0.93,0.59,427650.68
2023-02-06 20:00:00,RIG_2,8071.73,138.69,1,0.63,1.0,0.37,153255.2
2023-02-07 00:00:00,RIG_1,9334.53,417.72,1,0.69,1.14,0.12,145050.98
2023-02-07 04:00:00,RIG_9,6398.04,213.87,0,0.56,0.94,0.69,415430.7
2023-02-07 08:00:00,RIG_3,2848.95,475.92,1,0.55,1.13,0.3,183042.76
2023-02-07 12:00:00,RIG_3,3324.59,238.68,0,0.92,1.07,0.04,2539.24
2023-02-07 16:00:00,RIG_8,9891.84,167.7,0,0.55,1.19,0.24,179157.05
2023-02-07 20:00:00,RIG_6,9304.08,326.07,0,0.85,0.91,0.64,291243.01
2023-02-08 00:00:00,RIG_4,4962.41,11.56,0,0.98,0.89,0.48,550.71
2023-02-08 04:00:00,RIG_7,2967.92,287.4,0,0.9,1.0,0.68,58002.65
2023-02-08 08:00:00,RIG_5,7559.64,3.56,0,0.71,0.91,0.69,5385.15
2023-02-08 12:00:00,RIG_9,9711.5,210.32,1,0.99,0.81,0.16,3268.04
2023-02-08 16:00:00,RIG_10,7551.71,25.58,0,0.68,0.91,0.56,34616.56
2023-02-08 20:00:00,RIG_7,9426.9,216.76,0,0.5,1.19,0.8,817349.94
2023-02-09 00:00:00,RIG_2,8968.8,334.69,0,0.83,0.94,0.77,392931.39
2023-02-09 04:00:00,RIG_7,4971.32,7.72,0,0.71,0.85,0.18,2003.36
2023-02-09 08:00:00,RIG_5,2659.15,405.96,0,0.53,0.89,0.99,502295.32
2023-02-09 12:00:00,RIG_8,4645.16,62.91,0,0.59,1.06,0.1,11981.31
2023-02-09 16:00:00,RIG_8,1933.16,250.59,0,0.69,0.99,0.96,144166.54
2023-02-09 20:00:00,RIG_2,5973.27,84.01,0,0.91,1.13,0.73,32969.21
2023-02-10 00:00:00,RIG_4,2806.86,115.27,0,0.91,1.07,0.97,28245.63
2023-02-10 04:00:00,RIG_8,5232.16,201.14,0,0.91,0.89,0.21,19890.3
2023-02-10 08:00:00,RIG_8,5628.54,29.24,0,0.58,0.85,0.03,2073.69
2023-02-10 12:00:00,RIG_2,8362.39,184.04,0,0.92,0.99,0.42,51710.88
2023-02-10 16:00:00,RIG_7,5576.92,353.24,0,0.96,0.92,0.89,70131.69
2023-02-10 20:00:00,RIG_9,3895.69,423.73,1,0.89,1.17,0.16,29052.68
2023-02-11 00:00:00,RIG_4,1574.05,358.77,0,0.6,1.02,0.23,51954.42
2023-02-11 04:00:00,RIG_7,2424.39,475.07,0,0.86,0.84,0.77,124159.18
2023-02-11 08:00:00,RIG_10,7220.13,111.79,0,0.79,0.81,0.04,6779.96
2023-02-11 12:00:00,RIG_4,7379.18,325.93,0,0.94,1.01,0.67,96684.86
2023-02-11 16:00:00,RIG_3,4226.96,487.02,1,0.6,0.83,0.12,98813.47
2023-02-11 20:00:00,RIG_7,8091.43,336.93,0,0.52,0.95,0.78,1020706.32
2023-02-12 00:00:00,RIG_5,6759.81,176.98,1,0.56,1.0,0.67,352684.33
2023-02-12 04:00:00,RIG_5,9065.82,168.11,0,0.75,1.14,0.96,365773.2
2023-02-12 08:00:00,RIG_3,2993.52,311.7,0,0.56,1.13,1.0,410555.28
2023-02-12 12:00:00,RIG_2,5580.51,115.19,0,0.85,0.94,0.41,39533.37
2023-02-12 16:00:00,RIG_5,1875.76,132.39,0,0.57,1.06,0.84,89697.47
2023-02-12 20:00:00,RIG_9,6938.41,226.25,0,0.74,1.03,0.5,204075.98
2023-02-13 00:00:00,RIG_6,9813.09,11.51,0,0.67,1.17,0.17,6336.42
2023-02-13 04:00:00,RIG_6,7694.86,309.34,0,0.77,1.12,0.86,470828.88
2023-02-13 08:00:00,RIG_4,5017.5,238.72,0,0.67,1.02,0.55,217396.63
2023-02-13 12:00:00,RIG_2,9968.71,116.31,0,0.7,1.2,0.65,226094.83
2023-02-13 16:00:00,RIG_7,6079.08,414.5,0,0.56,0.93,0.01,11087.03
2023-02-13 20:00:00,RIG_4,3627.58,349.04,1,0.9,0.82,0.6,75970.23
2023-02-14 00:00:00,RIG_3,7287.96,265.45,0,0.98,0.98,0.23,8899.11
2023-02-14 04:00:00,RIG_7,2028.19,131.62,0,0.52,0.85,0.71,90976.69
2023-02-14 08:00:00,RIG_1,3942.27,412.36,0,0.59,1.14,0.77,513212.8
2023-02-14 12:00:00,RIG_1,1315.84,372.64,0,0.59,1.13,0.51,102528.97
2023-02-14 16:00:00,RIG_2,5152.6,126.4,0,0.98,1.07,0.64,8336.49
2023-02-14 20:00:00,RIG_7,9211.64,79.05,0,0.93,1.06,0.2,10194.52
2023-02-15 00:00:00,RIG_4,1831.72,253.3,0,0.8,1.0,0.85,78875.69
2023-02-15 04:00:00,RIG_2,3676.66,102.42,0,0.79,0.93,0.06,4744.7
2023-02-15 08:00:00,RIG_10,3442.27,291.86,0,1.0,0.97,0.98,0.0
2023-02-15 12:00:00,RIG_10,6191.42,453.69,0,0.55,1.01,0.45,568819.53
2023-02-15 16:00:00,RIG_1,8979.8,234.32,0,0.52,0.93,0.92,929191.2
2023-02-15 20:00:00,RIG_2,2378.28,335.62,0,0.99,1.02,0.24,1915.68
2023-02-16 00:00:00,RIG_8,1571.13,302.59,0,0.54,0.95,0.74,161828.96
2023-02-16 04:00:00,RIG_9,6387.66,54.52,0,0.68,1.14,0.68,75780.34
2023-02-16 08:00:00,RIG_5,3175.12,88.01,0,0.64,0.82,0.93,93557.29
2023-02-16 12:00:00,RIG_6,2349.31,359.97,0,0.99,0.98,0.78,6596.31
2023-02-16 16:00:00,RIG_4,9123.51,17.9,0,0.55,0.88,0.35,25721.46
2023-02-16 20:00:00,RIG_3,7658.45,339.54,0,0.91,1.1,0.44,102973.86
2023-02-17 00:00:00,RIG_5,3597.26,340.15,0,0.8,1.1,0.14,34261.02
2023-02-17 04:00:00,RIG_1,2400.49,22.4,0,0.86,1.19,0.42,3161.73
2023-02-17 08:00:00,RIG_4,1618.59,223.32,0,0.52,1.02,0.14,24290.35
2023-02-17 12:00:00,RIG_2,3356.64,293.78,0,0.86,1.13,0.58,80072.43
2023-02-17 16:00:00,RIG_6,7601.6,295.47,0,0.63,1.02,0.59,490311.57
2023-02-17 20:00:00,RIG_4,1002.41,370.27,0,0.95,0.83,0.77,14289.75
2023-02-18 00:00:00,RIG_10,5406.91,129.81,0,0.92,1.14,0.17,9545.45
2023-02-18 04:00:00,RIG_8,2790.23,21.32,0,0.99,1.1,0.47,279.59
2023-02-18 08:00:00,RIG_5,5205.67,51.58,0,0.7,1.07,0.36,28998.91
2023-02-18 12:00:00,RIG_8,3024.15,67.16,0,0.59,0.9,0.94,78275.48
2023-02-18 16:00:00,RIG_8,3575.73,146.12,1,0.66,1.19,0.2,35529.03
2023-02-18 20:00:00,RIG_4,1669.3,432.87,0,0.55,0.92,0.92,299152.21
2023-02-19 00:00:00,RIG_5,1541.39,197.37,0,0.94,1.19,0.24,4380.83
2023-02-19 04:00:00,RIG_5,3578.5,313.13,0,0.9,0.81,0.37,41459.82
2023-02-19 08:00:00,RIG_8,5913.58,457.16,0,0.77,0.87,0.62,385512.29
2023-02-19 12:00:00,RIG_9,4852.0,225.7,0,0.51,1.18,0.67,359520.15
2023-02-19 16:00:00,RIG_9,3355.85,417.47,0,0.76,0.84,0.03,10086.96
2023-02-19 20:00:00,RIG_9,5274.25,194.68,0,0.72,0.99,0.24,69000.35
2023-02-20 00:00:00,RIG_4,4023.89,225.7,0,0.78,1.11,0.82,163837.83
2023-02-20 04:00:00,RIG_2,9856.9,424.3,0,0.56,1.1,1.0,1840204.37
2023-02-20 08:00:00,RIG_5,7813.96,373.7,0,0.9,1.16,0.2,58401.54
2023-02-20 12:00:00,RIG_3,3442.78,284.26,1,0.77,1.05,0.31,69777.36
2023-02-20 16:00:00,RIG_9,9704.63,492.09,0,0.9,1.07,0.55,262655.33
2023-02-20 20:00:00,RIG_7,7774.96,336.36,0,0.83,0.89,0.33,146711.91
2023-02-21 00:00:00,RIG_10,5117.26,265.04,0,0.6,0.82,0.56,303806.4
2023-02-21 04:00:00,RIG_7,4070.96,431.5,0,0.75,1.05,0.91,399630.88
2023-02-21 08:00:00,RIG_2,2720.53,386.12,1,0.51,1.07,0.7,360304.71
2023-02-21 12:00:00,RIG_9,4620.75,420.83,0,0.98,0.84,0.82,31890.62
2023-02-21 16:00:00,RIG_9,9637.52,118.03,0,0.52,0.87,0.53,289384.19
2023-02-21 20:00:00,RIG_5,5805.13,256.97,0,0.77,1.13,0.93,319084.1
2023-02-22 00:00:00,RIG_1,5175.52,377.87,0,0.85,1.1,0.84,246414.89
2023-02-22 04:00:00,RIG_4,2667.81,331.45,0,0.53,1.08,0.03,12467.86
2023-02-22 08:00:00,RIG_2,6803.17,374.99,0,0.8,1.17,0.28,142862.76
2023-02-22 12:00:00,RIG_7,8995.16,224.17,0,0.8,1.17,0.81,326664.09
2023-02-22 16:00:00,RIG_9,6108.35,469.2,0,0.76,1.02,0.28,192597.74
2023-02-22 20:00:00,RIG_2,4957.27,138.38,0,0.98,1.01,0.36,4939.11
2023-02-23 00:00:00,RIG_7,1867.25,258.67,0,0.5,1.12,0.68,164220.53
2023-02-23 04:00:00,RIG_5,3373.2,448.95,0,0.86,1.2,0.16,33922.52
2023-02-23 08:00:00,RIG_9,1684.62,450.34,0,0.81,1.17,0.77,110990.75
2023-02-23 12:00:00,RIG_6,4281.27,253.19,0,0.93,1.15,0.26,19728.34
2023-02-23 16:00:00,RIG_10,6991.45,17.64,0,0.56,1.03,0.15,8139.73
2023-02-23 20:00:00,RIG_3,3494.36,490.14,0,0.8,0.92,0.39,133592.6
2023-02-24 00:00:00,RIG_6,7798.26,349.08,0,0.54,1.07,0.04,50088.79
2023-02-24 04:00:00,RIG_3,3647.44,390.69,0,0.61,1.05,0.44,244533.15
2023-02-24 08:00:00,RIG_7,9637.39,347.71,0,0.78,1.08,0.29,213794.88
2023-02-24 12:00:00,RIG_10,4684.34,498.25,0,0.59,1.04,0.31,296647.89
2023-02-24 16:00:00,RIG_1,4276.92,41.91,0,0.81,1.08,0.29,9876.44
2023-02-24 20:00:00,RIG_3,2518.54,418.22,0,0.66,1.06,0.86,307986.03
2023-02-25 00:00:00,RIG_4,8715.32,36.16,0,0.72,0.96,0.42,37061.17
2023-02-25 04:00:00,RIG_6,6192.61,199.98,0,0.52,1.0,0.78,463656.27
2023-02-25 08:00:00,RIG_2,6720.63,425.7,0,0.71,1.11,0.52,431434.61
2023-02-25 12:00:00,RIG_10,4379.32,137.67,0,0.58,1.03,0.75,189913.81
2023-02-25 16:00:00,RIG_6,3950.55,197.09,0,0.83,0.92,0.66,87360.48
2023-02-25 20:00:00,RIG_6,5176.8,129.64,0,0.73,1.17,0.58,105097.45
2023-02-26 00:00:00,RIG_2,2072.35,150.59,0,0.75,1.11,0.24,18724.51
2023-02-26 04:00:00,RIG_5,1149.82,359.64,1,0.66,0.81,0.7,98418.06
2023-02-26 08:00:00,RIG_2,6496.39,86.09,0,0.9,0.99,0.69,38589.92
2023-02-26 12:00:00,RIG_4,4847.48,26.29,0,0.89,0.98,0.68,9532.53
2023-02-26 16:00:00,RIG_9,4758.15,126.15,0,0.96,1.08,0.26,6242.5
2023-02-26 20:00:00,RIG_5,2813.66,412.0,0,0.76,1.16,0.87,242046.79
2023-02-27 00:00:00,RIG_9,4266.95,389.21,0,0.82,0.97,0.0,0.0
2023-02-27 04:00:00,RIG_6,2593.99,461.31,0,0.94,1.18,0.04,2871.92
2023-02-27 08:00:00,RIG_7,5147.99,403.03,1,0.65,1.18,0.84,609989.56
2023-02-27 12:00:00,RIG_2,5089.53,223.53,0,0.66,0.87,0.38,146986.01
2023-02-27 16:00:00,RIG_3,2261.37,129.3,0,0.55,0.96,0.83,109209.59
2023-02-27 20:00:00,RIG_5,9974.16,65.15,0,0.95,1.07,0.75,24368.12
2023-02-28 00:00:00,RIG_10,1767.63,212.84,0,1.0,0.81,0.48,0.0
2023-02-28 04:00:00,RIG_5,2389.58,115.73,0,0.69,1.15,0.28,24004.2
2023-02-28 08:00:00,RIG_3,7236.78,401.73,0,0.87,0.98,0.59,222984.67
2023-02-28 12:00:00,RIG_10,7480.16,460.33,0,0.78,0.98,0.25,189383.81
2023-02-28 16:00:00,RIG_1,7665.8,4.03,0,0.78,1.08,0.04,271.86
2023-02-28 20:00:00,RIG_5,7226.54,294.12,0,0.56,0.81,0.46,430195.12
2023-03-01 00:00:00,RIG_10,8113.93,404.08,0,0.72,1.17,0.55,504916.23
2023-03-01 04:00:00,RIG_10,8452.45,274.22,0,0.99,1.02,0.75,17383.73
2023-03-01 08:00:00,RIG_7,3158.59,353.9,0,0.9,1.19,0.61,68187.33
2023-03-01 12:00:00,RIG_6,1586.01,16.69,0,0.85,0.87,0.07,277.94
2023-03-01 16:00:00,RIG_8,6310.82,90.82,0,0.54,0.89,0.69,181917.39
2023-03-01 20:00:00,RIG_9,9307.82,50.12,0,0.6,0.88,0.33,61579.05
2023-03-02 00:00:00,RIG_4,2104.14,302.32,0,0.99,0.84,0.54,3435.07
2023-03-02 04:00:00,RIG_6,8973.04,392.42,0,0.64,1.14,0.97,1229603.16
2023-03-02 08:00:00,RIG_1,9235.75,258.41,0,0.77,0.84,0.1,54892.03
2023-03-02 12:00:00,RIG_9,2418.46,132.15,0,0.76,0.95,0.98,75169.8
2023-03-02 16:00:00,RIG_3,7634.88,340.68,1,0.7,0.98,0.22,171669.36
2023-03-02 20:00:00,RIG_3,3487.01,410.91,0,0.55,1.1,0.55,354629.7
2023-03-03 00:00:00,RIG_7,3354.45,91.87,0,0.91,1.09,0.47,13035.73
2023-03-03 04:00:00,RIG_3,3397.09,3.85,0,0.5,0.93,0.82,5362.31
2023-03-03 08:00:00,RIG_2,6850.33,120.8,0,0.81,1.2,0.53,83331.25
2023-03-03 12:00:00,RIG_6,5845.09,132.67,0,0.91,0.88,0.61,42573.2
2023-03-03 16:00:00,RIG_7,3471.8,457.35,1,0.5,1.05,0.51,404896.07
2023-03-03 20:00:00,RIG_5,5246.06,169.69,0,0.56,1.17,0.05,19584.49
2023-03-04 00:00:00,RIG_9,3513.17,440.82,0,0.69,1.12,0.31,148827.73
2023-03-04 04:00:00,RIG_9,4057.86,110.14,0,0.78,0.81,0.21,20648.29
2023-03-04 08:00:00,RIG_2,7098.84,475.78,0,0.79,1.2,0.19,134761.7
2023-03-04 12:00:00,RIG_4,6694.58,157.09,0,0.93,0.9,0.68,50058.61
2023-03-04 16:00:00,RIG_3,5847.37,250.21,0,0.52,1.04,0.62,435409.77
2023-03-04 20:00:00,RIG_5,6650.18,302.93,0,0.68,1.05,0.92,593080.29
2023-03-05 00:00:00,RIG_5,5367.79,423.69,0,0.98,1.18,0.63,28655.91
2023-03-05 04:00:00,RIG_5,1251.65,26.61,0,0.51,1.09,0.15,2448.02
2023-03-05 08:00:00,RIG_7,1486.8,198.4,0,0.99,1.15,0.61,1799.38
2023-03-05 12:00:00,RIG_5,3080.53,69.8,0,0.83,1.01,0.4,14621.43
2023-03-05 16:00:00,RIG_9,1251.1,469.02,0,0.62,0.86,0.76,169465.22
2023-03-05 20:00:00,RIG_10,4986.67,96.23,0,0.97,1.08,0.61,8781.57
2023-03-06 00:00:00,RIG_3,6363.37,273.28,0,0.86,0.93,0.71,172854.79
2023-03-06 04:00:00,RIG_6,9738.24,493.41,0,0.58,0.97,0.27,544880.76
2023-03-06 08:00:00,RIG_3,7139.9,58.59,0,0.99,1.11,0.29,1213.15
2023-03-06 12:00:00,RIG_6,4558.01,330.28,0,0.57,0.86,0.19,122992.78
2023-03-06 16:00:00,RIG_4,1522.25,181.7,0,0.76,0.89,0.75,49786.71
2023-03-06 20:00:00,RIG_8,3900.61,215.14,0,0.6,0.98,0.15,50350.63
2023-03-07 00:00:00,RIG_2,6659.46,72.64,0,0.52,1.08,0.16,37151.48
2023-03-07 04:00:00,RIG_5,6510.32,468.22,0,0.86,0.85,0.93,396883.72
2023-03-07 08:00:00,RIG_8,7435.8,435.33,0,0.94,0.93,0.21,40786.54
2023-03-07 12:00:00,RIG_2,2952.46,55.75,0,0.55,0.8,0.33,24443.05
2023-03-07 16:00:00,RIG_4,6698.31,139.45,0,0.66,0.85,1.0,317586.97
2023-03-07 20:00:00,RIG_3,9797.02,252.56,0,0.58,0.87,0.23,239020.8
2023-03-08 00:00:00,RIG_10,5437.08,102.75,0,0.62,0.99,0.42,89162.13
2023-03-08 04:00:00,RIG_5,6645.75,65.26,0,0.97,0.96,0.07,910.77
2023-03-08 08:00:00,RIG_1,4311.24,200.28,0,0.86,0.84,0.43,51980.0
2023-03-08 12:00:00,RIG_1,4262.55,30.71,0,0.94,1.05,0.87,6833.13
2023-03-08 16:00:00,RIG_1,6756.36,294.04,0,0.61,0.95,0.51,395142.71
2023-03-08 20:00:00,RIG_9,6400.61,299.16,0,0.62,0.81,0.12,87315.18
2023-03-09 00:00:00,RIG_9,6512.36,67.25,0,0.98,0.86,0.23,2014.6
2023-03-09 04:00:00,RIG_6,9340.7,352.78,0,0.86,1.11,0.71,327544.09
2023-03-09 08:00:00,RIG_6,3990.83,129.09,0,0.89,1.11,0.14,7933.71
2023-03-09 12:00:00,RIG_4,8234.28,63.51,0,0.74,0.97,0.88,119653.05
2023-03-09 16:00:00,RIG_3,6028.91,243.4,0,0.85,1.11,0.21,46224.26
2023-03-09 20:00:00,RIG_3,8653.47,214.11,1,0.58,0.85,0.27,210106.89
2023-03-10 00:00:00,RIG_3,5910.89,172.41,0,0.67,0.95,0.6,201781.12
2023-03-10 04:00:00,RIG_3,9227.81,451.32,0,0.94,0.87,0.13,32484.62
2023-03-10 08:00:00,RIG_4,1783.93,422.81,0,0.97,1.05,0.34,7693.49
2023-03-10 12:00:00,RIG_1,4943.97,70.87,0,0.69,0.94,0.52,56481.12
2023-03-10 16:00:00,RIG_2,2321.85,127.25,0,0.73,0.96,0.41,32706.91
2023-03-10 20:00:00,RIG_7,7483.41,443.12,0,0.9,1.06,0.65,215543.16
2023-03-11 00:00:00,RIG_2,7878.86,133.36,0,0.7,1.13,0.41,129239.15
2023-03-11 04:00:00,RIG_9,1329.6,287.09,0,0.97,1.1,0.34,3893.49
2023-03-11 08:00:00,RIG_9,9710.24,24.09,1,0.58,1.1,0.69,67789.92
2023-03-11 12:00:00,RIG_1,4696.54,375.03,1,0.76,1.11,0.85,359314.05
2023-03-11 16:00:00,RIG_8,1755.46,328.29,0,0.86,0.87,0.74,59704.68
2023-03-11 20:00:00,RIG_9,9386.58,311.56,0,0.75,1.01,0.12,87734.49
2023-03-12 00:00:00,RIG_4,8693.66,398.13,0,0.83,1.05,0.4,235362.07
2023-03-12 04:00:00,RIG_8,1273.05,327.55,0,0.65,1.07,0.61,89026.84
2023-03-12 08:00:00,RIG_4,7218.45,70.22,0,0.78,0.86,0.38,42375.13
2023-03-12 12:00:00,RIG_1,6282.12,422.78,0,0.83,1.08,0.19,85787.34
2023-03-12 16:00:00,RIG_9,2394.8,416.13,0,0.6,0.97,0.78,310923.01
2023-03-12 20:00:00,RIG_5,9416.24,239.43,0,0.56,0.85,0.65,644795.68
2023-03-13 00:00:00,RIG_5,9325.73,180.65,0,0.56,1.07,0.55,407695.74
2023-03-13 04:00:00,RIG_10,6293.58,105.19,0,0.78,1.0,0.04,5825.79
2023-03-13 08:00:00,RIG_9,3924.3,314.24,0,0.53,1.14,0.84,486856.32
2023-03-13 12:00:00,RIG_5,9034.31,218.02,0,0.99,1.01,0.99,19499.64
2023-03-13 16:00:00,RIG_5,1991.42,62.52,1,0.54,0.92,0.29,16608.78
2023-03-13 20:00:00,RIG_6,1800.15,110.33,0,0.78,0.82,0.1,4369.43
2023-03-14 00:00:00,RIG_9,5806.64,77.2,0,0.54,0.99,0.85,175274.59
2023-03-14 04:00:00,RIG_9,2288.67,307.83,0,0.76,0.95,0.67,113287.02
2023-03-14 08:00:00,RIG_1,5969.74,114.19,0,0.61,0.91,0.31,82415.67
2023-03-14 12:00:00,RIG_6,4278.01,55.91,0,0.75,1.1,0.33,19732.64
2023-03-14 16:00:00,RIG_2,6961.82,407.17,0,0.75,1.09,0.95,673228.01
2023-03-14 20:00:00,RIG_5,8909.0,421.05,0,0.56,0.86,0.95,1567974.2
2023-03-15 00:00:00,RIG_3,9241.76,220.62,0,0.54,1.14,0.66,619015.23
2023-03-15 04:00:00,RIG_8,2283.24,174.37,0,0.96,0.92,0.17,2707.27
2023-03-15 08:00:00,RIG_1,8597.21,321.31,0,0.87,1.09,0.33,118505.65
2023-03-15 12:00:00,RIG_10,5974.07,186.4,0,0.97,0.95,0.34,11358.38
2023-03-15 16:00:00,RIG_7,8301.69,480.42,1,0.74,0.87,0.86,891783.41
2023-03-15 20:00:00,RIG_10,5495.35,443.24,1,0.97,0.92,0.81,59188.94
2023-03-16 00:00:00,RIG_2,6834.66,235.95,0,0.57,1.11,0.06,41606.06
2023-03-16 04:00:00,RIG_6,1244.2,360.24,0,0.9,0.9,0.41,18376.63
2023-03-16 08:00:00,RIG_8,7724.01,178.81,0,0.82,0.92,0.18,44748.62
2023-03-16 12:00:00,RIG_3,9591.15,261.86,0,0.98,1.13,0.79,39682.31
2023-03-16 16:00:00,RIG_4,7528.34,309.11,1,0.9,1.07,0.61,141952.2
2023-03-16 20:00:00,RIG_9,5395.74,499.89,0,0.56,0.91,0.27,320436.44
2023-03-17 00:00:00,RIG_9,7472.72,229.4,0,0.7,1.16,0.03,15428.18
2023-03-17 04:00:00,RIG_2,4327.52,480.12,0,0.63,0.96,0.57,438193.03
2023-03-17 08:00:00,RIG_2,7058.85,133.56,0,0.71,0.87,0.67,183182.16
2023-03-17 12:00:00,RIG_7,3456.54,157.25,0,0.99,1.09,0.31,1684.98
2023-03-17 16:00:00,RIG_3,2146.74,10.67,0,0.94,0.82,0.36,494.76
2023-03-17 20:00:00,RIG_2,7237.83,319.34,0,0.87,0.9,0.78,234368.72
2023-03-18 00:00:00,RIG_4,3936.33,96.12,0,0.53,0.82,0.94,167159.47
2023-03-18 04:00:00,RIG_3,8815.9,155.09,0,0.67,0.82,0.4,180478.05
2023-03-18 08:00:00,RIG_5,3686.41,76.3,0,0.81,1.08,0.02,1068.84
2023-03-18 12:00:00,RIG_3,2454.32,333.94,1,0.67,1.17,0.98,265057.22
2023-03-18 16:00:00,RIG_7,6230.66,150.27,0,0.89,1.19,0.13,13388.82
2023-03-18 20:00:00,RIG_6,6742.64,181.34,0,0.9,0.85,0.69,84367.01
2023-03-19 00:00:00,RIG_1,8527.87,499.8,0,0.76,0.84,0.55,562614.28
2023-03-19 04:00:00,RIG_7,2686.39,83.43,0,0.88,1.08,0.01,268.95
2023-03-19 08:00:00,RIG_2,5579.0,8.82,0,0.68,0.95,0.93,14643.94
2023-03-19 12:00:00,RIG_8,7732.41,211.68,0,0.72,1.1,0.38,174155.15
2023-03-19 16:00:00,RIG_2,3920.82,411.78,0,0.59,0.92,0.71,469985.39
2023-03-19 20:00:00,RIG_10,7572.37,242.9,0,0.7,1.16,0.31,171057.57
2023-03-20 00:00:00,RIG_10,1254.22,291.09,0,0.57,1.06,0.5,78494.54
2023-03-20 04:00:00,RIG_7,8555.54,193.91,0,0.66,1.08,0.59,332796.36
2023-03-20 08:00:00,RIG_1,9963.37,226.3,0,0.55,1.17,0.06,60877.19
2023-03-20 12:00:00,RIG_6,7008.68,191.83,0,0.9,0.82,0.98,131758.56
2023-03-20 16:00:00,RIG_1,9821.68,108.54,0,0.99,1.18,0.76,8101.94
2023-03-20 20:00:00,RIG_3,6543.3,476.5,0,0.58,0.9,0.41,536899.36
2023-03-21 00:00:00,RIG_3,7142.24,67.45,0,0.91,1.11,0.27,11706.38
2023-03-21 04:00:00,RIG_2,4326.96,216.72,0,0.57,1.13,0.83,334678.97
2023-03-21 08:00:00,RIG_9,8116.75,334.54,1,0.56,0.98,0.43,513749.43
2023-03-21 12:00:00,RIG_3,5415.31,364.8,0,0.75,0.96,0.35,172856.7
2023-03-21 16:00:00,RIG_9,1282.16,272.87,0,0.74,0.89,0.12,10915.73
2023-03-21 20:00:00,RIG_8,3468.04,383.6,0,0.88,1.16,0.2,31928.16
2023-03-22 00:00:00,RIG_9,8452.27,270.57,0,0.99,0.94,0.98,22411.92
2023-03-22 04:00:00,RIG_8,8528.36,13.11,0,0.96,0.87,0.73,3264.76
2023-03-22 08:00:00,RIG_3,7065.35,185.45,1,0.57,1.06,0.38,214097.98
2023-03-22 12:00:00,RIG_8,7166.52,448.03,0,0.66,1.16,0.83,906092.26
2023-03-22 16:00:00,RIG_5,5472.75,298.21,0,0.6,0.96,0.65,424327.48
2023-03-22 20:00:00,RIG_5,7294.42,403.68,0,0.52,0.81,0.5,706706.75
2023-03-23 00:00:00,RIG_2,5706.44,18.55,0,0.61,1.13,0.06,2476.99
2023-03-23 04:00:00,RIG_9,7507.12,313.49,1,0.61,0.89,0.81,743441.29
2023-03-23 08:00:00,RIG_8,2608.86,231.03,0,0.88,0.97,0.06,4339.62
2023-03-23 12:00:00,RIG_4,3899.26,185.03,0,0.8,1.1,0.38,54832.49
2023-03-23 16:00:00,RIG_10,3236.45,294.07,0,0.87,0.82,0.22,27219.85
2023-03-23 20:00:00,RIG_1,7081.53,100.88,0,0.7,1.02,0.41,87869.32
2023-03-24 00:00:00,RIG_7,5097.86,292.89,0,0.75,1.13,0.12,44793.37
2023-03-24 04:00:00,RIG_2,9495.84,373.58,0,0.69,1.18,0.11,120968.25
2023-03-24 08:00:00,RIG_7,5371.88,137.46,0,0.53,1.09,0.16,55529.08
2023-03-24 12:00:00,RIG_2,9444.96,37.7,0,0.89,0.97,0.42,16450.66
2023-03-24 16:00:00,RIG_6,5491.94,172.13,0,0.94,0.82,0.89,50480.5
2023-03-24 20:00:00,RIG_3,8114.33,153.87,0,0.5,1.01,0.21,131097.96
2023-03-25 00:00:00,RIG_5,5187.96,121.45,0,0.96,0.89,0.39,9829.21
2023-03-25 04:00:00,RIG_4,3159.96,199.94,0,0.73,0.92,0.56,95528.52
2023-03-25 08:00:00,RIG_8,2169.87,213.83,0,0.86,0.88,0.81,52615.71
2023-03-25 12:00:00,RIG_6,7903.15,423.85,0,0.84,1.04,0.24,128630.4
2023-03-25 16:00:00,RIG_7,9831.81,478.0,0,0.72,1.2,0.7,921122.62
2023-03-25 20:00:00,RIG_4,3536.77,31.4,0,0.74,0.89,0.76,21944.38
2023-03-26 00:00:00,RIG_8,3699.4,143.99,0,0.65,1.13,0.51,95082.77
2023-03-26 04:00:00,RIG_6,1672.61,439.02,1,0.77,1.16,0.42,70934.27
2023-03-26 08:00:00,RIG_10,5562.49,184.04,0,0.73,0.92,0.71,196247.25
2023-03-26 12:00:00,RIG_7,8560.27,74.35,0,0.65,1.14,0.46,102469.43
2023-03-26 16:00:00,RIG_4,4059.69,285.08,0,0.66,1.09,0.11,43284.38
2023-03-26 20:00:00,RIG_6,4174.21,200.83,0,0.96,1.06,0.04,1341.29
2023-03-27 00:00:00,RIG_6,4070.13,1.29,0,0.55,1.1,0.46,1086.85
2023-03-27 04:00:00,RIG_5,2716.19,66.21,1,1.0,0.92,0.24,0.0
2023-03-27 08:00:00,RIG_6,7389.99,145.27,1,0.57,0.9,0.76,350834.13
2023-03-27 12:00:00,RIG_8,2172.45,340.55,0,0.99,0.94,0.76,5622.69
2023-03-27 16:00:00,RIG_9,2618.9,233.32,0,0.92,1.2,0.4,19553.34
2023-03-27 20:00:00,RIG_6,5069.85,454.45,0,0.73,0.84,0.5,311039.1
2023-03-28 00:00:00,RIG_4,5264.09,430.46,0,0.77,0.96,0.95,495116.67
2023-03-28 04:00:00,RIG_6,3117.89,19.71,1,0.59,1.11,0.9,22676.38
2023-03-28 08:00:00,RIG_9,6308.31,89.57,0,0.71,1.05,0.94,154028.63
2023-03-28 12:00:00,RIG_3,4163.72,57.3,0,0.84,0.93,0.23,8779.79
2023-03-28 16:00:00,RIG_3,4165.97,328.7,0,0.82,1.04,0.85,209511.21
2023-03-28 20:00:00,RIG_5,9624.96,108.23,0,0.71,1.11,0.92,277928.07
2023-03-29 00:00:00,RIG_2,8201.05,132.42,0,1.0,1.16,0.14,0.0
2023-03-29 04:00:00,RIG_9,7801.72,316.7,0,0.91,0.84,0.72,160108.15
2023-03-29 08:00:00,RIG_4,1313.09,88.16,0,0.79,0.85,0.98,23823.82
2023-03-29 12:00:00,RIG_6,3995.84,408.55,0,0.61,0.93,0.46,292870.58
2023-03-29 16:00:00,RIG_2,7013.42,285.28,0,0.54,0.85,0.31,285312.43
2023-03-29 20:00:00,RIG_6,1387.83,189.92,0,0.65,0.8,0.46,42435.84
2023-03-30 00:00:00,RIG_8,4465.33,254.74,0,0.99,1.0,0.05,568.75
2023-03-30 04:00:00,RIG_10,2931.33,397.1,0,0.76,0.85,0.55,153652.11
2023-03-30 08:00:00,RIG_8,7287.88,488.04,1,0.6,1.16,0.62,882080.68
2023-03-30 12:00:00,RIG_6,7597.49,179.72,0,0.86,1.13,0.14,26762.25
2023-03-30 16:00:00,RIG_2,3625.07,75.21,0,0.7,1.12,0.1,8179.25
2023-03-30 20:00:00,RIG_6,6409.31,115.9,0,0.75,0.82,0.99,183852.66
2023-03-31 00:00:00,RIG_1,4120.85,64.93,0,0.8,0.89,0.81,43345.82
2023-03-31 04:00:00,RIG_1,9062.19,359.93,0,0.61,0.85,0.82,1043108.94
2023-03-31 08:00:00,RIG_5,8476.16,385.46,0,0.59,1.1,0.72,964483.53
2023-03-31 12:00:00,RIG_6,6491.99,470.67,0,0.75,1.05,0.24,183335.1
2023-03-31 16:00:00,RIG_8,4215.11,452.83,0,0.71,0.83,0.6,332118.72
2023-03-31 20:00:00,RIG_7,3282.25,100.88,0,0.76,0.99,0.38,30197.54
2023-04-01 00:00:00,RIG_2,3509.58,86.28,1,0.74,0.92,0.13,10234.86
2023-04-01 04:00:00,RIG_4,3070.78,307.83,0,0.89,0.93,0.84,87343.71
2023-04-01 08:00:00,RIG_6,8098.21,151.55,0,0.53,0.96,0.83,478763.38
2023-04-01 12:00:00,RIG_3,5992.06,301.19,1,0.63,1.06,0.12,80130.84
2023-04-01 16:00:00,RIG_5,2223.39,496.57,0,0.78,0.86,0.5,121447.56
2023-04-01 20:00:00,RIG_5,1608.99,229.7,0,0.58,0.87,0.5,77612.85
2023-04-02 00:00:00,RIG_4,4937.22,196.41,0,0.85,1.12,0.55,80001.85
2023-04-02 04:00:00,RIG_7,4160.91,60.94,0,0.8,0.83,0.05,2535.66
2023-04-02 08:00:00,RIG_1,1988.77,4.03,0,0.77,1.02,0.04,73.74
2023-04-02 12:00:00,RIG_9,4306.88,190.17,0,0.79,0.9,0.03,5159.95
2023-04-02 16:00:00,RIG_5,4059.54,32.81,0,0.84,1.13,0.48,10229.26
2023-04-02 20:00:00,RIG_2,1016.62,285.42,0,0.86,0.93,0.45,18280.31
2023-04-03 00:00:00,RIG_8,7435.56,54.31,0,0.62,1.01,0.9,138108.24
2023-04-03 04:00:00,RIG_10,2302.92,87.59,1,0.78,0.88,0.3,13313.04
2023-04-03 08:00:00,RIG_9,7238.28,346.96,0,0.58,0.89,0.5,527392.66
2023-04-03 12:00:00,RIG_7,9222.08,42.54,0,0.72,1.08,0.74,81286.07
2023-04-03 16:00:00,RIG_1,2243.62,313.17,0,0.82,1.17,0.61,77149.27
2023-04-03 20:00:00,RIG_4,2677.27,480.82,0,0.76,0.97,0.62,191548.0
2023-04-04 00:00:00,RIG_1,2488.74,152.28,1,0.55,1.14,0.33,56279.32
2023-04-04 04:00:00,RIG_7,2223.56,370.92,0,0.59,0.94,0.21,71012.08
2023-04-04 08:00:00,RIG_7,1912.34,107.96,0,0.54,0.96,0.2,18993.97
2023-04-04 12:00:00,RIG_8,7473.29,411.99,0,0.59,1.0,0.09,113612.18
2023-04-04 16:00:00,RIG_5,9250.45,133.06,0,0.59,1.14,0.25,126163.65
2023-04-04 20:00:00,RIG_3,1904.61,402.47,1,0.81,0.97,0.74,107776.7
2023-04-05 00:00:00,RIG_10,6777.75,301.24,1,0.91,0.86,0.97,178242.98
2023-04-05 04:00:00,RIG_1,2654.9,242.52,0,0.64,1.1,0.26,60265.89
2023-04-05 08:00:00,RIG_5,4499.16,495.77,0,0.67,0.97,0.71,522617.53
2023-04-05 12:00:00,RIG_2,1086.15,151.47,1,0.69,1.03,0.45,22950.42
2023-04-05 16:00:00,RIG_1,8560.23,449.05,0,0.91,1.05,0.61,211034.02
2023-04-05 20:00:00,RIG_2,9369.79,446.81,0,0.97,1.14,0.17,21351.23
2023-04-06 00:00:00,RIG_5,4765.5,284.04,0,0.88,1.13,0.93,151060.94
2023-04-06 04:00:00,RIG_7,3425.99,294.42,0,0.97,1.1,0.21,6354.68
2023-04-06 08:00:00,RIG_7,2243.67,296.32,0,0.6,0.92,0.89,236684.57
2023-04-06 12:00:00,RIG_9,2458.81,38.85,0,0.79,0.99,0.26,5215.65
2023-04-06 16:00:00,RIG_3,3352.38,261.33,0,0.75,1.15,0.99,216829.17
2023-04-06 20:00:00,RIG_9,1081.52,169.23,1,0.95,0.93,0.21,1921.77
2023-04-07 00:00:00,RIG_7,2891.35,31.35,0,0.62,0.97,0.71,24455.7
2023-04-07 04:00:00,RIG_4,5510.44,302.97,0,0.6,1.15,0.96,641087.23
2023-04-07 08:00:00,RIG_9,2584.22,399.44,0,0.61,0.99,0.45,181158.27
2023-04-07 12:00:00,RIG_1,7231.44,463.8,0,0.76,1.05,0.36,289780.58
2023-04-07 16:00:00,RIG_9,1623.23,268.28,1,0.99,0.98,0.16,696.77
2023-04-07 20:00:00,RIG_2,7158.62,318.15,1,0.85,0.97,0.67,228890.25
2023-04-08 00:00:00,RIG_4,4477.27,221.43,0,0.58,1.17,0.16,66622.21
2023-04-08 04:00:00,RIG_5,1783.97,118.79,0,0.9,0.88,0.82,17377.26
2023-04-08 08:00:00,RIG_8,8825.23,220.33,0,0.62,0.82,0.74,546782.97
2023-04-08 12:00:00,RIG_5,7782.9,244.17,0,0.97,1.03,0.58,33066.1
2023-04-08 16:00:00,RIG_6,9210.75,186.44,0,0.82,1.13,0.14,43274.76
2023-04-08 20:00:00,RIG_3,3592.84,16.13,0,0.65,0.86,0.56,11358.69
2023-04-09 00:00:00,RIG_9,2443.17,126.13,0,0.93,0.88,0.18,3882.78
2023-04-09 04:00:00,RIG_9,3048.03,391.43,0,0.99,1.19,0.86,10260.58
2023-04-09 08:00:00,RIG_4,3522.63,296.11,0,0.97,0.92,0.85,26598.69
2023-04-09 12:00:00,RIG_5,1413.52,426.94,0,0.71,1.1,0.09,15751.04
2023-04-09 16:00:00,RIG_3,5720.75,59.99,0,0.51,1.15,0.79,132847.99
2023-04-09 20:00:00,RIG_4,1059.6,188.21,1,0.65,0.96,0.71,49557.69
2023-04-10 00:00:00,RIG_9,4812.53,159.26,1,0.96,1.14,0.86,26365.66
2023-04-10 04:00:00,RIG_8,5472.41,35.7,0,0.59,0.82,0.29,23228.9
2023-04-10 08:00:00,RIG_9,6368.37,475.21,0,0.78,0.96,0.78,519315.33
2023-04-10 12:00:00,RIG_3,8486.63,42.38,0,0.5,0.93,0.27,48554.56
2023-04-10 16:00:00,RIG_1,1521.76,8.51,0,0.73,1.16,0.5,1748.27
2023-04-10 20:00:00,RIG_7,6624.38,105.74,0,0.51,0.82,0.14,48051.69
2023-04-11 00:00:00,RIG_5,5565.56,338.2,1,0.73,0.91,0.63,320174.53
2023-04-11 04:00:00,RIG_7,7956.65,104.66,0,0.94,1.12,0.8,39971.66
2023-04-11 08:00:00,RIG_9,3132.31,290.05,0,0.88,0.99,0.39,42519.04
2023-04-11 12:00:00,RIG_6,3846.38,40.71,0,1.0,1.01,0.66,0.0
2023-04-11 16:00:00,RIG_7,9306.71,76.49,0,0.99,1.19,0.81,5766.15
2023-04-11 20:00:00,RIG_9,1084.95,251.13,0,0.89,1.03,0.19,5694.49
2023-04-12 00:00:00,RIG_3,6641.1,382.65,0,0.8,1.07,0.37,188050.05
2023-04-12 04:00:00,RIG_9,1023.17,466.51,0,0.7,1.12,0.05,7159.79
2023-04-12 08:00:00,RIG_4,9337.04,184.98,0,0.86,0.9,0.57,137827.82
2023-04-12 12:00:00,RIG_7,3449.21,271.32,0,0.67,0.93,0.16,49412.33
2023-04-12 16:00:00,RIG_7,1716.2,73.77,0,0.62,1.0,0.53,25498.06
2023-04-12 20:00:00,RIG_9,1243.04,23.94,0,0.81,0.83,0.14,791.57
2023-04-13 00:00:00,RIG_3,1567.67,141.84,0,0.63,1.0,0.39,32086.3
2023-04-13 04:00:00,RIG_9,2038.97,402.13,0,0.67,1.11,0.57,154229.02
2023-04-13 08:00:00,RIG_2,5143.81,71.12,0,0.84,1.01,0.37,21657.0
2023-04-13 12:00:00,RIG_10,7165.72,240.93,1,1.0,0.83,0.78,0.0
2023-04-13 16:00:00,RIG_10,9767.71,43.7,0,0.89,0.94,0.11,5164.87
2023-04-13 20:00:00,RIG_6,8218.71,485.42,0,0.7,1.0,0.71,849769.08
2023-04-14 00:00:00,RIG_8,2991.13,401.2,0,0.92,1.11,0.07,6720.23
2023-04-14 04:00:00,RIG_2,2492.36,455.99,0,0.99,0.92,0.81,9205.58
2023-04-14 08:00:00,RIG_3,9164.39,281.52,0,0.8,0.87,0.09,46439.26
2023-04-14 12:00:00,RIG_3,6076.98,394.6,0,0.71,0.88,0.3,208623.94
2023-04-14 16:00:00,RIG_10,1376.61,5.53,0,0.77,0.81,0.85,1488.27
2023-04-14 20:00:00,RIG_9,4749.22,418.06,0,0.94,0.95,0.64,76241.62
2023-04-15 00:00:00,RIG_2,5955.61,53.76,0,0.82,1.07,0.06,3457.87
2023-04-15 04:00:00,RIG_10,6686.28,122.32,0,0.84,0.84,0.67,87675.21
2023-04-15 08:00:00,RIG_7,8792.38,378.11,0,0.82,0.99,0.17,101729.3
2023-04-15 12:00:00,RIG_4,3918.41,133.58,0,0.85,0.85,0.85,66736.2
2023-04-15 16:00:00,RIG_3,5434.21,189.75,0,0.96,1.19,0.08,3299.65
2023-04-15 20:00:00,RIG_6,9173.3,134.9,0,0.59,0.99,0.67,339935.25
2023-04-16 00:00:00,RIG_8,6017.65,348.84,1,0.62,1.05,0.02,15953.9
2023-04-16 04:00:00,RIG_10,8228.76,445.0,0,0.6,0.85,0.45,659123.68
2023-04-16 08:00:00,RIG_4,4489.85,442.01,1,0.55,1.04,0.2,178610.27
2023-04-16 12:00:00,RIG_3,6733.91,439.27,1,0.7,1.08,0.02,17748.03
2023-04-16 16:00:00,RIG_10,2998.89,216.36,0,0.9,1.03,0.55,35686.19
2023-04-16 20:00:00,RIG_6,2650.81,300.88,0,0.7,0.9,0.43,102887.27
2023-04-17 00:00:00,RIG_1,7596.49,452.34,0,0.9,1.14,0.83,285204.29
2023-04-17 04:00:00,RIG_1,6709.26,240.63,0,0.57,0.89,0.8,555370.54
2023-04-17 08:00:00,RIG_3,5340.69,227.54,0,0.98,1.03,0.93,22603.1
2023-04-17 12:00:00,RIG_1,3031.31,443.68,0,0.72,0.89,0.12,45189.7
2023-04-17 16:00:00,RIG_8,4256.74,155.62,0,0.94,0.84,0.44,17488.25
2023-04-17 20:00:00,RIG_7,9949.89,416.2,0,0.95,1.14,0.96,198774.92
2023-04-18 00:00:00,RIG_2,2407.24,88.57,0,0.61,1.01,0.32,26608.51
2023-04-18 04:00:00,RIG_5,1283.06,27.5,1,0.52,0.8,0.94,15920.21
2023-04-18 08:00:00,RIG_2,5985.83,14.33,0,0.79,1.05,0.97,17472.76
2023-04-18 12:00:00,RIG_9,6185.76,33.9,1,0.7,0.99,0.26,16356.39
2023-04-18 16:00:00,RIG_1,4913.54,466.7,0,0.66,1.17,0.6,467802.42
2023-04-18 20:00:00,RIG_6,7216.45,344.63,0,0.9,0.96,0.01,2487.01
2023-04-19 00:00:00,RIG_8,8858.98,328.31,0,0.86,0.85,0.09,36647.0
2023-04-19 04:00:00,RIG_3,5496.05,35.38,0,0.64,0.99,0.01,700.02
2023-04-19 08:00:00,RIG_6,8366.13,38.95,0,0.73,1.05,0.74,65106.98
2023-04-19 12:00:00,RIG_4,6398.84,230.23,0,0.61,0.91,0.34,195346.97
2023-04-19 16:00:00,RIG_8,8830.02,432.19,0,0.63,1.07,0.16,225921.78
2023-04-19 20:00:00,RIG_8,1860.29,451.05,0,0.97,1.19,0.82,20641.46
2023-04-20 00:00:00,RIG_1,2884.82,18.3,0,0.9,1.07,0.64,3378.7
2023-04-20 04:00:00,RIG_9,5756.75,270.62,1,0.75,1.2,0.33,128526.06
2023-04-20 08:00:00,RIG_10,3772.03,136.86,0,0.76,1.1,0.38,47081.09
2023-04-20 12:00:00,RIG_7,4484.59,203.67,0,0.84,1.09,0.27,39457.86
2023-04-20 16:00:00,RIG_6,5865.48,406.89,1,0.51,1.02,0.85,994021.05
2023-04-20 20:00:00,RIG_6,6692.12,405.19,0,0.89,1.08,0.78,232653.57
2023-04-21 00:00:00,RIG_3,3052.83,493.95,0,0.59,0.83,0.24,148381.83
2023-04-21 04:00:00,RIG_7,8651.47,431.73,0,0.7,1.01,0.75,840397.31
2023-04-21 08:00:00,RIG_8,9324.41,176.77,0,0.72,1.08,0.71,327677.26
2023-04-21 12:00:00,RIG_4,2067.49,324.19,0,0.56,1.19,0.17,50135.42
2023-04-21 16:00:00,RIG_6,9570.34,491.47,1,0.83,0.99,0.56,447776.53
2023-04-21 20:00:00,RIG_8,7529.79,25.54,0,0.59,0.9,0.61,48096.94
2023-04-22 00:00:00,RIG_7,9254.39,140.84,0,0.9,0.83,0.13,16944.05
2023-04-22 04:00:00,RIG_1,5999.67,407.94,0,0.69,1.16,0.95,720790.33
2023-04-22 08:00:00,RIG_3,3213.31,156.59,0,0.74,1.09,0.5,65412.39
2023-04-22 12:00:00,RIG_7,7155.72,387.83,1,0.81,0.95,0.2,105457.71
2023-04-22 16:00:00,RIG_9,5289.79,161.4,0,0.85,1.02,0.38,48665.01
2023-04-22 20:00:00,RIG_1,3576.44,154.86,0,0.54,1.11,0.51,129932.62
2023-04-23 00:00:00,RIG_1,6935.25,480.26,0,0.71,1.15,0.43,415341.18
2023-04-23 04:00:00,RIG_2,2852.17,452.27,0,0.69,0.8,0.84,335903.22
2023-04-23 08:00:00,RIG_7,5875.51,270.71,0,0.91,1.1,0.37,52965.63
2023-04-23 12:00:00,RIG_9,8381.34,273.38,0,0.98,1.13,0.27,12372.97
2023-04-23 16:00:00,RIG_7,4928.56,113.63,0,0.95,0.95,0.96,26881.55
2023-04-23 20:00:00,RIG_7,9789.23,226.21,0,0.71,1.07,0.72,462371.25
2023-04-24 00:00:00,RIG_7,9662.21,358.42,0,0.64,1.14,0.82,1022315.77
2023-04-24 04:00:00,RIG_6,7343.48,228.81,0,0.71,1.15,0.79,384947.95
2023-04-24 08:00:00,RIG_2,7258.3,156.35,0,0.89,0.81,0.61,76147.44
2023-04-24 12:00:00,RIG_7,4664.14,314.28,0,0.72,1.17,0.16,65669.9
2023-04-24 16:00:00,RIG_4,1255.1,421.51,0,0.66,0.91,0.23,41370.71
2023-04-24 20:00:00,RIG_8,4750.34,490.75,0,0.67,1.17,0.02,15386.11
2023-04-25 00:00:00,RIG_8,7058.81,204.87,0,0.83,0.86,0.51,125380.2
2023-04-25 04:00:00,RIG_1,7977.71,318.11,0,0.51,1.03,0.23,286008.86
2023-04-25 08:00:00,RIG_6,1629.72,339.08,0,0.94,1.14,0.53,17572.85
2023-04-25 12:00:00,RIG_9,3854.62,97.21,0,0.95,1.13,0.57,10679.17
2023-04-25 16:00:00,RIG_5,6722.57,60.87,0,0.7,0.96,0.02,2455.22
2023-04-25 20:00:00,RIG_6,8403.06,463.7,0,0.69,0.98,0.8,966331.73
2023-04-26 00:00:00,RIG_8,5676.5,246.35,0,0.83,0.86,0.25,59432.25
2023-04-26 04:00:00,RIG_6,5819.53,420.69,0,0.62,1.05,0.29,269793.63
2023-04-26 08:00:00,RIG_6,9218.91,146.35,0,0.65,0.96,0.24,113331.75
2023-04-26 12:00:00,RIG_1,9209.57,257.55,1,0.57,0.92,0.36,367173.95
2023-04-26 16:00:00,RIG_2,1552.6,44.0,0,0.79,1.05,0.78,11189.9
2023-04-26 20:00:00,RIG_3,5674.39,286.59,0,0.83,0.8,0.72,199049.75
2023-04-27 00:00:00,RIG_6,9078.37,114.49,0,0.96,0.88,0.64,26608.19
2023-04-27 04:00:00,RIG_9,9080.98,444.47,0,0.75,0.83,0.91,918240.77
2023-04-27 08:00:00,RIG_1,6327.86,433.37,0,0.57,0.95,0.53,624971.24
2023-04-27 12:00:00,RIG_3,4321.08,114.51,0,0.8,1.09,0.3,29688.41
2023-04-27 16:00:00,RIG_4,6687.52,31.64,0,0.57,1.2,0.03,2729.55
2023-04-27 20:00:00,RIG_6,8774.57,311.55,0,0.82,1.12,0.86,423179.44
2023-04-28 00:00:00,RIG_3,3793.93,235.02,1,0.8,1.06,0.92,164063.49
2023-04-28 04:00:00,RIG_8,4684.1,106.78,0,0.81,0.96,0.76,72224.29
2023-04-28 08:00:00,RIG_3,5092.0,358.8,0,0.64,1.16,0.37,243357.68
2023-04-28 12:00:00,RIG_9,4045.59,91.05,0,0.62,1.04,0.76,106379.76
2023-04-28 16:00:00,RIG_4,1035.18,108.0,0,0.59,1.1,0.51,23377.26
2023-04-28 20:00:00,RIG_8,3666.22,308.76,0,0.57,0.99,0.66,321256.52
2023-04-29 00:00:00,RIG_2,2847.13,302.24,0,0.8,1.12,0.88,151450.92
2023-04-29 04:00:00,RIG_9,4480.67,466.72,0,0.81,1.09,0.39,154959.28
2023-04-29 08:00:00,RIG_4,8054.96,264.36,0,0.96,0.9,0.84,71548.15
2023-04-29 12:00:00,RIG_3,6303.08,302.49,0,0.53,1.13,0.74,663121.97
2023-04-29 16:00:00,RIG_3,8454.6,214.0,0,0.75,1.04,0.68,307578.35
2023-04-29 20:00:00,RIG_5,9244.86,277.0,0,0.78,0.91,0.41,230986.53
2023-04-30 00:00:00,RIG_5,2380.18,355.16,0,0.93,0.93,0.4,23669.65
2023-04-30 04:00:00,RIG_9,4871.32,149.2,0,0.78,1.01,0.16,25583.39
2023-04-30 08:00:00,RIG_4,9561.39,458.42,0,0.96,1.14,0.78,136753.73
2023-04-30 12:00:00,RIG_5,3875.04,158.63,0,0.76,0.87,0.43,63436.79
2023-04-30 16:00:00,RIG_1,4315.09,302.73,0,0.7,0.85,0.95,372297.55
2023-04-30 20:00:00,RIG_8,8075.1,49.11,0,0.83,1.14,0.34,22921.64
2023-05-01 00:00:00,RIG_4,1637.7,411.16,0,0.95,1.2,0.28,9426.99
2023-05-01 04:00:00,RIG_5,7500.28,52.0,0,0.83,1.18,0.17,11271.42
2023-05-01 08:00:00,RIG_10,5375.05,50.85,0,0.8,0.87,0.54,29518.7
2023-05-01 12:00:00,RIG_7,5325.78,335.94,0,0.53,1.19,0.89,748398.32
2023-05-01 16:00:00,RIG_8,6267.0,482.34,0,0.71,0.93,0.35,306816.72
2023-05-01 20:00:00,RIG_10,9604.71,439.93,0,0.63,1.19,0.52,812966.97
2023-05-02 00:00:00,RIG_8,1654.24,350.63,0,0.88,0.93,0.89,61946.8
2023-05-02 04:00:00,RIG_6,1256.38,397.15,0,0.52,0.88,0.96,229925.98
2023-05-02 08:00:00,RIG_3,4820.28,88.95,0,0.79,1.03,0.97,87339.21
2023-05-02 12:00:00,RIG_1,8394.36,261.99,0,0.83,1.06,0.8,299096.42
2023-05-02 16:00:00,RIG_8,6870.44,273.02,0,0.81,1.19,0.27,96226.87
2023-05-02 20:00:00,RIG_8,8910.52,446.72,0,0.51,1.1,0.64,1248287.15
2023-05-03 00:00:00,RIG_8,2196.1,399.23,0,0.56,0.86,0.58,223746.35
2023-05-03 04:00:00,RIG_2,6832.95,184.75,0,0.53,1.04,0.35,207662.75
2023-05-03 08:00:00,RIG_6,1370.83,181.21,0,0.84,0.97,0.8,31796.24
2023-05-03 12:00:00,RIG_8,7627.2,20.46,0,0.64,0.96,0.12,6741.47
2023-05-03 16:00:00,RIG_2,9191.78,25.38,0,0.93,1.2,0.11,1796.31
2023-05-03 20:00:00,RIG_2,1929.47,69.12,0,0.57,1.17,0.72,41289.79
2023-05-04 00:00:00,RIG_6,3489.59,364.37,0,0.95,0.92,0.92,58489.09
2023-05-04 04:00:00,RIG_2,2236.05,312.7,1,0.69,1.04,0.46,99707.75
2023-05-04 08:00:00,RIG_2,7865.61,443.38,0,0.99,1.12,1.0,34874.54
2023-05-04 12:00:00,RIG_8,7562.06,445.62,0,0.88,1.13,0.44,177925.71
2023-05-04 16:00:00,RIG_5,2085.76,64.0,0,0.75,1.15,0.28,9344.2
2023-05-04 20:00:00,RIG_3,1060.0,4.05,0,0.52,0.94,0.05,103.03
2023-05-05 00:00:00,RIG_8,2958.98,299.8,0,0.74,0.84,0.62,143000.88
2023-05-05 04:00:00,RIG_5,3745.57,461.27,0,0.73,0.81,0.95,443159.94
2023-05-05 08:00:00,RIG_9,6044.25,218.47,0,0.56,1.15,0.07,40671.01
2023-05-05 12:00:00,RIG_2,7943.45,431.72,0,0.98,1.0,0.56,38408.68
2023-05-05 16:00:00,RIG_9,3151.72,103.01,0,0.57,1.06,0.79,110286.55
2023-05-05 20:00:00,RIG_3,2377.2,323.45,1,0.94,0.99,0.08,3690.75
2023-05-06 00:00:00,RIG_1,8198.43,188.93,0,0.78,0.85,0.52,177197.52
2023-05-06 04:00:00,RIG_5,9718.53,239.1,0,0.88,0.91,0.43,119902.95
2023-05-06 08:00:00,RIG_7,3930.68,435.28,1,0.52,1.11,0.99,813041.72
2023-05-06 12:00:00,RIG_2,6226.63,98.31,0,0.7,1.08,0.31,56929.02
2023-05-06 16:00:00,RIG_3,1638.51,335.59,0,0.85,1.08,0.55,45364.07
2023-05-06 20:00:00,RIG_7,3542.63,387.92,1,0.52,1.17,0.65,428768.19
2023-05-07 00:00:00,RIG_6,9992.59,89.18,0,0.67,1.2,0.55,161741.76
2023-05-07 04:00:00,RIG_10,8624.2,265.17,0,0.53,1.2,0.93,999594.86
2023-05-07 08:00:00,RIG_1,2460.4,160.0,0,0.62,0.85,0.02,2991.85
2023-05-07 12:00:00,RIG_6,6952.03,73.3,0,0.61,1.1,0.89,176876.54
2023-05-07 16:00:00,RIG_4,4626.28,217.06,0,0.78,0.91,0.85,187781.72
2023-05-07 20:00:00,RIG_9,1083.16,329.56,0,0.74,0.84,0.49,45477.5
2023-05-08 00:00:00,RIG_4,8195.18,268.93,0,0.95,1.12,0.95,104686.66
2023-05-08 04:00:00,RIG_7,3025.44,105.32,0,0.94,1.2,0.34,6500.24
2023-05-08 08:00:00,RIG_5,4645.44,499.92,1,0.95,0.92,0.27,31351.7
2023-05-08 12:00:00,RIG_8,6916.0,253.83,1,0.54,0.99,0.01,8075.25
2023-05-08 16:00:00,RIG_8,8864.91,466.55,0,0.83,1.0,0.47,330460.31
2023-05-08 20:00:00,RIG_3,3779.52,350.04,0,0.84,0.94,0.2,42335.46
2023-05-09 00:00:00,RIG_6,9221.73,386.61,0,0.76,1.19,0.92,787199.04
2023-05-09 04:00:00,RIG_3,4763.53,8.54,0,0.83,1.02,0.75,5186.77
2023-05-09 08:00:00,RIG_8,2370.5,320.23,0,0.83,0.9,0.76,98076.39
2023-05-09 12:00:00,RIG_9,5052.37,432.16,0,0.84,1.18,0.28,97817.76
2023-05-09 16:00:00,RIG_6,1244.36,439.57,0,0.59,0.99,0.0,0.0
2023-05-09 20:00:00,RIG_9,6510.85,371.36,0,0.99,1.19,0.04,967.15
2023-05-10 00:00:00,RIG_7,1096.56,20.04,0,0.69,1.04,0.63,4291.73
2023-05-10 04:00:00,RIG_4,7884.52,452.78,0,0.75,1.08,0.36,321295.77
2023-05-10 08:00:00,RIG_7,6503.31,455.0,0,0.9,1.04,0.66,195294.4
2023-05-10 12:00:00,RIG_5,8444.27,107.4,0,0.57,1.14,0.64,249582.9
2023-05-10 16:00:00,RIG_4,6876.2,11.24,0,0.59,1.1,0.4,12675.31
2023-05-10 20:00:00,RIG_2,1870.49,486.31,0,0.97,0.83,0.19,5184.94
2023-05-11 00:00:00,RIG_5,6735.66,33.7,0,0.61,1.08,0.66,58427.67
2023-05-11 04:00:00,RIG_1,5618.8,282.02,0,0.62,0.92,0.3,180645.99
2023-05-11 08:00:00,RIG_8,1975.99,189.8,0,0.64,1.0,0.95,128264.67
2023-05-11 12:00:00,RIG_1,3748.08,241.04,0,0.85,1.09,0.01,1355.16
2023-05-11 16:00:00,RIG_10,8000.46,80.22,0,0.95,1.17,0.04,1283.59
2023-05-11 20:00:00,RIG_9,3814.36,361.46,0,0.74,1.16,0.38,136219.37
2023-05-12 00:00:00,RIG_10,5777.54,214.53,0,0.92,0.81,0.25,24789.11
2023-05-12 04:00:00,RIG_3,6370.06,361.06,0,1.0,0.86,0.96,0.0
2023-05-12 08:00:00,RIG_3,8236.4,138.33,0,0.67,0.95,0.26,97755.48
2023-05-12 12:00:00,RIG_7,1911.89,230.32,1,0.84,0.97,0.44,31000.39
2023-05-12 16:00:00,RIG_3,3312.01,32.9,1,0.5,0.82,0.61,33234.36
2023-05-12 20:00:00,RIG_6,4443.74,377.95,0,0.6,1.0,0.38,255285.75
2023-05-13 00:00:00,RIG_6,2521.35,213.89,0,0.55,0.87,0.67,162596.4
2023-05-13 04:00:00,RIG_4,2127.06,372.81,0,0.98,0.85,0.87,13798.01
2023-05-13 08:00:00,RIG_4,4117.36,145.39,1,0.78,0.84,0.68,89554.0
2023-05-13 12:00:00,RIG_8,4674.11,304.58,0,0.53,1.09,0.57,381393.27
2023-05-13 16:00:00,RIG_3,2999.67,99.81,0,0.84,0.84,0.74,35448.61
2023-05-13 20:00:00,RIG_5,3634.88,263.61,0,0.52,0.87,0.73,335750.03
2023-05-14 00:00:00,RIG_4,2025.33,268.31,1,0.86,1.13,0.33,25105.83
2023-05-14 04:00:00,RIG_3,7840.04,192.82,0,0.89,0.82,0.81,134693.94
2023-05-14 08:00:00,RIG_2,9386.99,138.96,0,0.67,0.84,0.88,378802.44
2023-05-14 12:00:00,RIG_3,3271.47,286.49,0,0.52,1.1,0.07,31491.38
2023-05-14 16:00:00,RIG_3,4396.69,283.28,0,0.66,0.95,0.09,38112.13
2023-05-14 20:00:00,RIG_5,6606.74,254.62,0,0.9,1.15,0.39,65606.12
2023-05-15 00:00:00,RIG_7,8395.73,220.54,0,0.65,0.95,0.17,110169.86
2023-05-15 04:00:00,RIG_5,4186.31,464.82,0,0.95,0.99,0.69,67132.88
2023-05-15 08:00:00,RIG_4,9913.94,312.85,0,0.74,1.16,0.69,556422.76
2023-05-15 12:00:00,RIG_3,2879.51,469.31,0,0.75,0.82,0.97,327710.34
2023-05-15 16:00:00,RIG_2,4236.26,69.84,0,0.67,0.97,0.19,18550.45
2023-05-15 20:00:00,RIG_5,3967.84,300.85,0,0.67,1.18,0.69,271811.11
2023-05-16 00:00:00,RIG_8,4187.71,203.17,0,0.98,0.91,0.74,12592.09
2023-05-16 04:00:00,RIG_7,3676.48,435.08,0,0.82,0.97,0.69,198665.71
2023-05-16 08:00:00,RIG_9,4396.37,332.94,0,0.91,0.93,0.33,43472.7
2023-05-16 12:00:00,RIG_4,7177.12,490.29,0,0.71,1.19,0.25,255118.09
2023-05-16 16:00:00,RIG_10,4172.98,50.03,0,0.89,1.13,0.08,1837.21
2023-05-16 20:00:00,RIG_8,2633.42,37.74,0,0.53,0.96,0.47,21954.21
2023-05-17 00:00:00,RIG_3,3356.71,256.07,0,0.71,1.16,0.0,0.0
2023-05-17 04:00:00,RIG_4,3934.62,28.21,0,0.6,1.03,0.34,15095.41
2023-05-17 08:00:00,RIG_9,8357.41,80.77,0,0.68,1.03,0.26,56162.33
2023-05-17 12:00:00,RIG_8,1436.16,477.36,0,0.63,0.93,0.88,223220.07
2023-05-17 16:00:00,RIG_6,6200.82,267.46,0,0.82,0.91,0.29,86572.2
2023-05-17 20:00:00,RIG_10,1928.03,90.8,0,0.73,1.01,0.65,30723.93
2023-05-18 00:00:00,RIG_10,7730.28,56.78,0,0.86,1.14,0.46,28266.79
2023-05-18 04:00:00,RIG_1,6583.44,332.49,0,0.83,1.07,0.65,241876.54
2023-05-18 08:00:00,RIG_6,4704.14,34.53,1,0.86,0.93,0.73,16600.75
2023-05-18 12:00:00,RIG_7,5230.0,141.5,0,0.97,1.13,0.65,14430.88
2023-05-18 16:00:00,RIG_8,8078.25,186.22,1,0.61,0.98,0.26,152539.24
2023-05-18 20:00:00,RIG_6,3595.32,201.71,0,0.96,1.05,0.38,11023.22
2023-05-19 00:00:00,RIG_8,5476.05,1.38,0,0.58,1.05,0.84,2666.09
2023-05-19 04:00:00,RIG_9,8471.92,155.81,0,0.87,1.06,0.99,169885.27
2023-05-19 08:00:00,RIG_4,7732.85,11.2,0,0.92,0.89,0.88,6097.2
2023-05-19 12:00:00,RIG_4,3752.43,410.77,0,0.88,1.1,0.48,88783.81
2023-05-19 16:00:00,RIG_4,4074.85,455.28,0,0.91,0.98,0.53,88492.93
2023-05-19 20:00:00,RIG_7,9472.89,362.39,0,0.75,0.99,0.33,283212.65
2023-05-20 00:00:00,RIG_9,6184.96,464.31,0,0.6,0.98,0.24,275686.92
2023-05-20 04:00:00,RIG_7,4336.95,94.49,0,0.59,1.05,0.55,92409.54
2023-05-20 08:00:00,RIG_6,3726.56,254.21,0,0.87,1.06,0.05,6157.64
2023-05-20 12:00:00,RIG_9,7784.98,198.62,0,0.76,0.99,0.31,115041.2
2023-05-20 16:00:00,RIG_10,7885.73,253.68,0,0.78,1.15,0.99,435698.44
2023-05-20 20:00:00,RIG_6,1352.6,444.44,0,0.66,1.18,0.59,120590.6
2023-05-21 00:00:00,RIG_8,8456.31,260.21,0,0.6,0.86,0.48,422479.95
2023-05-21 04:00:00,RIG_4,7530.04,261.98,0,0.58,1.0,0.42,347987.79
2023-05-21 08:00:00,RIG_8,2973.13,0.38,0,0.87,0.81,0.35,51.41
2023-05-21 12:00:00,RIG_1,8203.56,351.06,0,0.63,0.86,0.72,767216.49
2023-05-21 16:00:00,RIG_7,9198.09,307.72,0,0.78,1.17,0.09,56042.64
2023-05-21 20:00:00,RIG_10,9610.62,398.21,0,0.69,0.8,0.6,711830.37
2023-05-22 00:00:00,RIG_3,4233.28,260.14,0,0.73,1.02,0.34,101094.33
2023-05-22 04:00:00,RIG_3,8917.55,401.47,0,0.78,1.0,0.94,740370.64
2023-05-22 08:00:00,RIG_3,8808.66,181.54,1,0.62,0.96,0.76,461827.05
2023-05-22 12:00:00,RIG_5,6646.33,85.74,0,0.55,1.0,0.89,228227.46
2023-05-22 16:00:00,RIG_4,6331.09,136.92,0,0.96,1.2,0.69,23925.14
2023-05-22 20:00:00,RIG_3,2326.71,465.61,1,0.78,1.2,0.34,81033.79
2023-05-23 00:00:00,RIG_10,3488.6,216.13,0,0.81,0.93,0.46,65898.82
2023-05-23 04:00:00,RIG_10,3823.19,130.33,0,0.63,1.07,0.67,123522.71
2023-05-23 08:00:00,RIG_4,6838.79,342.63,0,0.97,1.04,0.6,42177.14
2023-05-23 12:00:00,RIG_9,6913.0,297.84,1,0.72,0.99,0.74,426618.15
2023-05-23 16:00:00,RIG_3,3894.14,442.64,0,0.51,0.95,0.11,92907.54
2023-05-23 20:00:00,RIG_9,1749.72,432.03,0,0.9,1.17,0.22,16630.49
2023-05-24 00:00:00,RIG_2,9904.02,49.86,0,0.75,1.1,0.99,122219.07
2023-05-24 04:00:00,RIG_3,1946.47,211.9,1,0.79,0.92,0.96,83151.33
2023-05-24 08:00:00,RIG_8,1698.93,217.14,0,0.97,1.18,0.59,6529.63
2023-05-24 12:00:00,RIG_9,1393.54,111.11,0,0.55,1.12,0.99,68979.54
2023-05-24 16:00:00,RIG_8,4870.0,440.78,0,0.83,0.84,0.15,54738.26
2023-05-24 20:00:00,RIG_1,9588.79,124.15,0,0.76,1.01,0.19,54284.44
2023-05-25 00:00:00,RIG_5,1644.53,247.08,0,0.7,1.1,0.88,107271.24
2023-05-25 04:00:00,RIG_4,5491.17,182.3,0,0.8,1.04,0.91,182189.33
2023-05-25 08:00:00,RIG_4,3247.36,283.77,0,0.57,1.02,0.13,51512.04
2023-05-25 12:00:00,RIG_4,8491.07,329.25,0,0.7,0.86,0.16,134192.87
2023-05-25 16:00:00,RIG_7,8549.81,340.67,0,0.61,1.12,0.9,1022344.98
2023-05-25 20:00:00,RIG_1,7292.08,51.33,0,0.64,0.91,0.26,35034.71
2023-05-26 00:00:00,RIG_5,5359.37,284.89,1,0.53,0.88,0.47,337276.95
2023-05-26 04:00:00,RIG_5,6982.85,338.59,0,0.69,0.93,0.6,439764.11
2023-05-26 08:00:00,RIG_10,5125.03,161.47,0,0.54,1.0,0.56,213173.94
2023-05-26 12:00:00,RIG_8,3032.65,107.65,0,0.54,0.95,0.61,91606.02
2023-05-26 16:00:00,RIG_7,3860.18,108.92,0,0.88,0.86,0.16,8072.66
2023-05-26 20:00:00,RIG_2,6449.05,10.99,0,0.51,0.98,0.69,23962.86
2023-05-27 00:00:00,RIG_7,5340.14,361.1,0,0.83,1.05,0.94,308146.26
2023-05-27 04:00:00,RIG_7,3233.58,434.91,0,0.55,1.17,0.96,607528.63
2023-05-27 08:00:00,RIG_4,7843.23,6.24,0,0.89,1.15,0.81,4360.71
2023-05-27 12:00:00,RIG_9,2166.65,229.21,0,0.71,0.92,0.28,40325.37
2023-05-27 16:00:00,RIG_3,4092.84,71.37,0,0.55,0.9,0.24,31547.45
2023-05-27 20:00:00,RIG_10,2248.32,98.0,0,0.64,1.09,0.14,11104.9
2023-05-28 00:00:00,RIG_9,6139.5,172.97,0,0.91,0.88,0.37,35362.91
2023-05-28 04:00:00,RIG_10,6627.65,459.21,0,0.52,1.17,0.83,1212523.69
2023-05-28 08:00:00,RIG_6,8746.03,239.25,0,0.87,0.93,0.39,106089.13
2023-05-28 12:00:00,RIG_10,2239.16,205.17,0,0.61,0.92,0.3,53750.79
2023-05-28 16:00:00,RIG_7,3876.06,67.38,0,0.95,1.02,0.47,6137.47
2023-05-28 20:00:00,RIG_10,4072.32,395.53,0,0.71,0.92,0.74,345661.53
2023-05-29 00:00:00,RIG_4,8953.59,94.43,0,0.59,0.92,0.35,121327.46
2023-05-29 04:00:00,RIG_8,9882.66,364.02,0,0.8,1.02,0.45,323773.73
2023-05-29 08:00:00,RIG_2,6248.57,444.13,0,0.64,1.16,0.79,789260.45
2023-05-29 12:00:00,RIG_3,5220.67,425.11,0,0.65,1.09,0.85,660259.31
2023-05-29 16:00:00,RIG_7,4231.1,435.08,0,0.97,1.19,0.05,2761.3
2023-05-29 20:00:00,RIG_3,3738.85,163.19,0,0.92,0.92,0.73,35632.35
2023-05-30 00:00:00,RIG_7,9929.49,449.3,0,0.92,0.88,0.21,74950.17
2023-05-30 04:00:00,RIG_4,6160.92,398.66,0,0.71,0.98,0.38,270663.58
2023-05-30 08:00:00,RIG_4,7820.92,185.47,0,0.88,1.13,0.89,154918.32
2023-05-30 12:00:00,RIG_6,1390.37,78.06,0,0.58,1.17,0.58,26438.46
2023-05-30 16:00:00,RIG_4,6108.12,150.38,0,0.65,1.09,0.81,260405.83
2023-05-30 20:00:00,RIG_5,6700.05,189.81,0,0.86,0.86,0.98,174482.25
2023-05-31 00:00:00,RIG_9,4202.84,16.35,0,0.86,1.18,0.85,8177.26
2023-05-31 04:00:00,RIG_1,2301.9,494.0,0,0.65,0.81,0.15,59699.78
2023-05-31 08:00:00,RIG_5,2753.59,141.92,0,0.77,1.03,0.95,85387.5
2023-05-31 12:00:00,RIG_8,6285.54,137.2,0,0.81,0.98,0.86,140912.25
2023-05-31 16:00:00,RIG_4,7686.42,225.42,0,0.93,1.05,0.65,78836.61
2023-05-31 20:00:00,RIG_4,8633.19,186.3,0,0.89,0.9,0.68,120305.57
2023-06-01 00:00:00,RIG_3,7941.55,42.34,0,0.7,1.03,0.41,41358.16
2023-06-01 04:00:00,RIG_8,9726.32,234.28,0,0.81,1.02,0.5,216474.81
2023-06-01 08:00:00,RIG_4,5189.36,133.41,0,0.9,1.2,0.47,32538.69
2023-06-01 12:00:00,RIG_2,4204.61,216.05,0,0.66,1.12,0.16,49417.29
2023-06-01 16:00:00,RIG_2,9700.27,412.17,0,0.77,0.86,0.62,570137.66
2023-06-01 20:00:00,RIG_7,8407.28,411.11,0,0.5,0.9,0.29,501165.95
2023-06-02 00:00:00,RIG_10,1882.22,300.58,0,0.72,0.96,0.3,47523.65
2023-06-02 04:00:00,RIG_8,1875.67,181.35,0,0.87,1.04,0.04,1768.79
2023-06-02 08:00:00,RIG_8,3667.27,136.84,1,0.6,1.05,0.76,152556.08
2023-06-02 12:00:00,RIG_9,1288.17,452.86,0,0.55,0.89,0.4,105004.92
2023-06-02 16:00:00,RIG_4,4836.63,190.9,0,0.53,1.05,0.01,4339.57
2023-06-02 20:00:00,RIG_2,3125.28,433.81,0,0.65,1.04,0.2,94904.44
2023-06-03 00:00:00,RIG_3,3623.38,4.35,0,0.72,0.85,0.71,3133.43
2023-06-03 04:00:00,RIG_10,8115.12,215.94,0,0.95,0.98,0.13,11390.46
2023-06-03 08:00:00,RIG_7,4380.89,205.0,1,0.9,0.86,0.31,27840.56
2023-06-03 12:00:00,RIG_6,9752.56,403.44,0,0.65,0.98,0.19,261649.09
2023-06-03 16:00:00,RIG_6,4056.35,315.68,0,0.63,1.03,0.42,198991.03
2023-06-03 20:00:00,RIG_3,4704.43,268.37,0,0.97,0.84,0.15,5681.38
2023-06-04 00:00:00,RIG_10,9640.31,465.85,0,0.68,0.92,0.52,747292.15
2023-06-04 04:00:00,RIG_4,3392.11,404.78,0,0.54,1.08,0.1,63160.68
2023-06-04 08:00:00,RIG_8,3335.19,244.64,0,0.95,0.82,0.34,13870.65
2023-06-04 12:00:00,RIG_7,3752.07,258.82,0,0.79,1.14,0.51,104005.96
2023-06-04 16:00:00,RIG_8,8989.21,166.55,0,0.89,1.01,0.46,75755.94
2023-06-04 20:00:00,RIG_5,3521.29,436.42,0,0.57,0.89,0.49,323795.62
2023-06-05 00:00:00,RIG_4,7911.11,417.3,0,0.94,0.9,0.2,39615.67
2023-06-05 04:00:00,RIG_1,8822.92,276.92,0,0.69,0.94,0.22,166629.17
2023-06-05 08:00:00,RIG_1,9930.73,425.19,0,0.62,1.15,0.79,1267578.62
2023-06-05 12:00:00,RIG_3,9615.63,354.0,0,0.88,0.98,0.45,183812.38
2023-06-05 16:00:00,RIG_1,3369.23,158.47,0,0.69,1.09,0.18,29792.84
2023-06-05 20:00:00,RIG_8,8303.85,410.26,0,0.5,0.84,0.27,459909.56
2023-06-06 00:00:00,RIG_4,5263.36,110.68,0,0.93,1.06,0.09,3670.06
2023-06-06 04:00:00,RIG_4,2777.33,168.04,0,0.55,0.81,0.18,37802.91
2023-06-06 08:00:00,RIG_2,5765.31,211.98,0,0.96,0.84,0.45,21998.35
2023-06-06 12:00:00,RIG_9,3064.18,92.4,0,0.57,1.13,0.87,105919.02
2023-06-06 16:00:00,RIG_1,8074.89,226.19,0,0.74,0.83,0.88,417893.9
2023-06-06 20:00:00,RIG_8,7098.52,19.31,0,0.54,0.86,0.22,13871.73
2023-06-07 00:00:00,RIG_6,9526.07,144.95,1,0.52,1.01,0.87,576623.69
2023-06-07 04:00:00,RIG_3,5968.87,35.28,0,0.55,0.91,0.94,89076.07
2023-06-07 08:00:00,RIG_5,1624.29,137.92,0,0.75,1.19,0.77,43124.25
2023-06-07 12:00:00,RIG_10,2419.39,308.72,0,0.78,1.12,0.47,77230.92
2023-06-07 16:00:00,RIG_7,4311.34,124.75,0,0.67,0.93,0.4,70994.84
2023-06-07 20:00:00,RIG_6,3720.16,119.73,0,0.77,1.13,0.61,62491.69
2023-06-08 00:00:00,RIG_4,5156.91,330.29,0,0.8,1.16,0.76,258897.92
2023-06-08 04:00:00,RIG_3,8858.22,234.6,0,0.63,0.93,0.85,653574.53
2023-06-08 08:00:00,RIG_1,5410.13,193.67,0,0.61,1.08,0.24,98072.2
2023-06-08 12:00:00,RIG_8,5072.53,27.69,0,0.58,0.81,0.53,31266.03
2023-06-08 16:00:00,RIG_7,7793.38,31.92,0,0.5,0.92,0.28,34827.06
2023-06-08 20:00:00,RIG_4,9434.23,42.53,0,1.0,0.93,0.02,0.0
2023-06-09 00:00:00,RIG_9,9649.4,393.36,0,0.81,1.03,0.4,288472.29
2023-06-09 04:00:00,RIG_1,1753.04,239.03,0,0.92,1.11,0.66,22124.74
2023-06-09 08:00:00,RIG_5,2510.17,369.76,0,0.91,0.95,0.31,25895.68
2023-06-09 12:00:00,RIG_3,2896.39,183.06,0,0.69,0.91,0.7,115056.25
2023-06-09 16:00:00,RIG_6,7185.13,44.09,0,0.77,0.81,0.11,8014.85
2023-06-09 20:00:00,RIG_3,1620.11,94.93,0,0.9,0.88,0.14,2153.16
2023-06-10 00:00:00,RIG_9,5227.06,304.01,0,0.58,1.15,0.85,567301.03
2023-06-10 04:00:00,RIG_9,5304.01,356.55,0,0.95,1.01,0.89,84155.94
2023-06-10 08:00:00,RIG_6,6152.44,116.9,0,0.54,1.0,0.21,69476.67
2023-06-10 12:00:00,RIG_6,5238.85,190.02,0,0.95,1.06,0.44,21900.7
2023-06-10 16:00:00,RIG_8,5578.23,272.89,0,0.87,0.81,0.83,164250.04
2023-06-10 20:00:00,RIG_2,1033.32,305.97,1,0.94,0.99,0.58,11002.54
2023-06-11 00:00:00,RIG_7,5029.67,227.07,0,0.93,0.83,0.84,67154.73
2023-06-11 04:00:00,RIG_1,9324.65,221.23,0,0.62,0.88,0.59,462500.46
2023-06-11 08:00:00,RIG_1,2588.76,151.48,0,0.65,1.15,0.23,31567.7
2023-06-11 12:00:00,RIG_7,4307.72,190.26,0,0.74,1.04,0.94,200307.02
2023-06-11 16:00:00,RIG_2,6031.63,61.9,0,0.62,1.18,0.64,90800.64
2023-06-11 20:00:00,RIG_6,9585.82,293.66,0,0.9,1.08,0.66,185788.15
2023-06-12 00:00:00,RIG_6,8068.43,289.89,0,0.85,1.14,0.75,263132.68
2023-06-12 04:00:00,RIG_3,8718.74,451.5,1,0.93,1.16,0.27,74400.06
2023-06-12 08:00:00,RIG_1,1675.53,46.16,0,0.78,0.81,0.12,2041.84
2023-06-12 12:00:00,RIG_8,4394.86,269.15,0,0.76,0.89,0.59,167495.32
2023-06-12 16:00:00,RIG_6,6662.44,360.18,0,0.61,0.91,0.89,832928.11
2023-06-12 20:00:00,RIG_2,5627.18,158.68,0,0.98,0.98,0.04,714.34
2023-06-13 00:00:00,RIG_4,6254.17,161.3,0,0.58,1.19,0.5,211847.5
2023-06-13 04:00:00,RIG_7,7803.25,406.98,0,0.87,1.12,0.48,198167.84
2023-06-13 08:00:00,RIG_5,1234.36,1.84,0,0.85,1.02,0.23,78.36
2023-06-13 12:00:00,RIG_4,3449.86,37.84,0,0.88,1.12,0.11,1723.16
2023-06-13 16:00:00,RIG_1,3882.55,221.62,1,0.66,0.93,0.42,122872.36
2023-06-13 20:00:00,RIG_6,3690.2,358.83,1,0.64,0.98,0.05,23834.78
2023-06-14 00:00:00,RIG_2,2817.95,177.17,0,0.86,1.15,0.51,35646.89
2023-06-14 04:00:00,RIG_6,9225.1,313.26,0,0.74,1.18,0.6,450817.35
2023-06-14 08:00:00,RIG_10,9446.57,412.2,0,0.62,1.03,0.58,858210.3
2023-06-14 12:00:00,RIG_7,1897.78,446.82,0,0.88,0.93,0.25,25438.98
2023-06-14 16:00:00,RIG_10,1445.84,413.92,0,0.56,0.88,0.99,260690.09
2023-06-14 20:00:00,RIG_7,2117.23,368.22,1,0.56,0.92,0.21,72035.63
2023-06-15 00:00:00,RIG_10,7356.07,179.83,0,0.77,0.83,0.19,57808.2
2023-06-15 04:00:00,RIG_8,5633.56,389.81,0,0.56,0.97,0.92,888948.1
2023-06-15 08:00:00,RIG_8,6659.84,391.2,0,0.61,0.98,0.61,619807.87
2023-06-15 12:00:00,RIG_5,2448.57,275.98,0,0.77,1.19,0.37,57506.87
2023-06-15 16:00:00,RIG_4,7816.52,400.94,0,0.64,0.96,0.3,338467.2
2023-06-15 20:00:00,RIG_2,5348.78,27.48,0,0.89,1.1,0.45,7275.73
2023-06-16 00:00:00,RIG_7,4696.11,263.48,1,0.54,0.97,0.08,45533.78
2023-06-16 04:00:00,RIG_9,7648.15,234.56,0,0.74,1.04,0.48,223884.97
2023-06-16 08:00:00,RIG_7,7514.89,27.62,0,0.78,0.92,0.94,42923.67
2023-06-16 12:00:00,RIG_3,2188.82,254.16,0,0.73,0.85,0.12,18024.46
